x,y,roiCounts,normalizedCounts,nPrimary
-50.0,-50.0,30,7.500000000000001e-05,2400000
-50.0,-47.9592,54,0.000135,2400000
-50.0,-45.9184,21,5.25e-05,2400000
-50.0,-43.8776,47,0.0001175,2400000
-50.0,-41.8367,39,9.75e-05,2400000
-50.0,-39.7959,40,0.0001,2400000
-50.0,-37.7551,46,0.000115,2400000
-50.0,-35.7143,51,0.0001275,2400000
-50.0,-33.6735,47,0.00011750000000000001,2400000
-50.0,-31.6327,52,0.00013000000000000002,2400000
-50.0,-29.5918,50,0.000125,2400000
-50.0,-27.551,53,0.0001325,2400000
-50.0,-25.5102,50,0.000125,2400000
-50.0,-23.4694,66,0.000165,2400000
-50.0,-21.4286,56,0.00014000000000000001,2400000
-50.0,-19.3878,55,0.0001375,2400000
-50.0,-17.3469,50,0.000125,2400000
-50.0,-15.3061,66,0.000165,2400000
-50.0,-13.2653,71,0.0001775,2400000
-50.0,-11.2245,70,0.000175,2400000
-50.0,-9.18367,78,0.000195,2400000
-50.0,-7.14286,72,0.00017999999999999998,2400000
-50.0,-5.10204,72,0.00017999999999999998,2400000
-50.0,-3.06122,73,0.0001825,2400000
-50.0,-1.02041,60,0.00015,2400000
-50.0,1.02041,98,0.000245,2400000
-50.0,3.06122,88,0.00022,2400000
-50.0,5.10204,60,0.00015000000000000001,2400000
-50.0,7.14286,89,0.0002225,2400000
-50.0,9.18367,45,0.0001125,2400000
-50.0,11.2245,70,0.000175,2400000
-50.0,13.2653,69,0.0001725,2400000
-50.0,15.3061,77,0.00019250000000000002,2400000
-50.0,17.3469,67,0.0001675,2400000
-50.0,19.3878,71,0.0001775,2400000
-50.0,21.4286,59,0.0001475,2400000
-50.0,23.4694,53,0.0001325,2400000
-50.0,25.5102,56,0.00014,2400000
-50.0,27.551,58,0.00014499999999999997,2400000
-50.0,29.5918,41,0.0001025,2400000
-50.0,31.6327,56,0.00014000000000000001,2400000
-50.0,33.6735,33,8.25e-05,2400000
-50.0,35.7143,55,0.0001375,2400000
-50.0,37.7551,36,9e-05,2400000
-50.0,39.7959,50,0.000125,2400000
-50.0,41.8367,44,0.00011,2400000
-50.0,43.8776,48,0.00012,2400000
-50.0,45.9184,34,8.5e-05,2400000
-50.0,47.9592,32,7.999999999999999e-05,2400000
-50.0,50.0,17,4.2499999999999996e-05,2400000
-47.9592,-50.0,26,6.500000000000001e-05,2400000
-47.9592,-47.9592,51,0.0001275,2400000
-47.9592,-45.9184,38,9.5e-05,2400000
-47.9592,-43.8776,53,0.0001325,2400000
-47.9592,-41.8367,57,0.00014250000000000002,2400000
-47.9592,-39.7959,55,0.0001375,2400000
-47.9592,-37.7551,35,8.75e-05,2400000
-47.9592,-35.7143,45,0.00011250000000000001,2400000
-47.9592,-33.6735,51,0.0001275,2400000
-47.9592,-31.6327,54,0.000135,2400000
-47.9592,-29.5918,61,0.0001525,2400000
-47.9592,-27.551,38,9.5e-05,2400000
-47.9592,-25.5102,69,0.0001725,2400000
-47.9592,-23.4694,53,0.0001325,2400000
-47.9592,-21.4286,75,0.0001875,2400000
-47.9592,-19.3878,52,0.00013,2400000
-47.9592,-17.3469,54,0.000135,2400000
-47.9592,-15.3061,75,0.0001875,2400000
-47.9592,-13.2653,62,0.000155,2400000
-47.9592,-11.2245,71,0.0001775,2400000
-47.9592,-9.18367,64,0.00015999999999999999,2400000
-47.9592,-7.14286,83,0.00020750000000000003,2400000
-47.9592,-5.10204,90,0.000225,2400000
-47.9592,-3.06122,77,0.00019250000000000002,2400000
-47.9592,-1.02041,67,0.0001675,2400000
-47.9592,1.02041,83,0.0002075,2400000
-47.9592,3.06122,102,0.000255,2400000
-47.9592,5.10204,74,0.000185,2400000
-47.9592,7.14286,54,0.000135,2400000
-47.9592,9.18367,69,0.00017250000000000002,2400000
-47.9592,11.2245,72,0.00018,2400000
-47.9592,13.2653,58,0.000145,2400000
-47.9592,15.3061,81,0.0002025,2400000
-47.9592,17.3469,70,0.000175,2400000
-47.9592,19.3878,74,0.000185,2400000
-47.9592,21.4286,63,0.0001575,2400000
-47.9592,23.4694,59,0.0001475,2400000
-47.9592,25.5102,39,9.75e-05,2400000
-47.9592,27.551,42,0.00010499999999999999,2400000
-47.9592,29.5918,52,0.00013000000000000002,2400000
-47.9592,31.6327,39,9.75e-05,2400000
-47.9592,33.6735,53,0.0001325,2400000
-47.9592,35.7143,41,0.0001025,2400000
-47.9592,37.7551,37,9.25e-05,2400000
-47.9592,39.7959,48,0.00012,2400000
-47.9592,41.8367,54,0.000135,2400000
-47.9592,43.8776,50,0.000125,2400000
-47.9592,45.9184,41,0.0001025,2400000
-47.9592,47.9592,39,9.750000000000001e-05,2400000
-47.9592,50.0,47,0.0001175,2400000
-45.9184,-50.0,36,8.999999999999999e-05,2400000
-45.9184,-47.9592,50,0.000125,2400000
-45.9184,-45.9184,37,9.25e-05,2400000
-45.9184,-43.8776,43,0.0001075,2400000
-45.9184,-41.8367,45,0.00011250000000000001,2400000
-45.9184,-39.7959,38,9.5e-05,2400000
-45.9184,-37.7551,39,9.75e-05,2400000
-45.9184,-35.7143,68,0.00017,2400000
-45.9184,-33.6735,45,0.0001125,2400000
-45.9184,-31.6327,44,0.00011,2400000
-45.9184,-29.5918,54,0.000135,2400000
-45.9184,-27.551,73,0.00018250000000000002,2400000
-45.9184,-25.5102,85,0.00021250000000000002,2400000
-45.9184,-23.4694,57,0.00014250000000000002,2400000
-45.9184,-21.4286,66,0.000165,2400000
-45.9184,-19.3878,60,0.00015000000000000001,2400000
-45.9184,-17.3469,55,0.0001375,2400000
-45.9184,-15.3061,76,0.00019,2400000
-45.9184,-13.2653,55,0.0001375,2400000
-45.9184,-11.2245,73,0.0001825,2400000
-45.9184,-9.18367,87,0.0002175,2400000
-45.9184,-7.14286,85,0.0002125,2400000
-45.9184,-5.10204,60,0.00015000000000000001,2400000
-45.9184,-3.06122,75,0.0001875,2400000
-45.9184,-1.02041,71,0.0001775,2400000
-45.9184,1.02041,70,0.000175,2400000
-45.9184,3.06122,76,0.00018999999999999998,2400000
-45.9184,5.10204,100,0.00025,2400000
-45.9184,7.14286,67,0.00016749999999999998,2400000
-45.9184,9.18367,76,0.00018999999999999998,2400000
-45.9184,11.2245,77,0.0001925,2400000
-45.9184,13.2653,86,0.000215,2400000
-45.9184,15.3061,73,0.00018250000000000002,2400000
-45.9184,17.3469,74,0.00018500000000000002,2400000
-45.9184,19.3878,65,0.0001625,2400000
-45.9184,21.4286,77,0.00019250000000000002,2400000
-45.9184,23.4694,52,0.00013000000000000002,2400000
-45.9184,25.5102,60,0.00015,2400000
-45.9184,27.551,57,0.0001425,2400000
-45.9184,29.5918,62,0.000155,2400000
-45.9184,31.6327,46,0.000115,2400000
-45.9184,33.6735,58,0.000145,2400000
-45.9184,35.7143,72,0.00018,2400000
-45.9184,37.7551,68,0.00017,2400000
-45.9184,39.7959,42,0.000105,2400000
-45.9184,41.8367,27,6.75e-05,2400000
-45.9184,43.8776,38,9.5e-05,2400000
-45.9184,45.9184,35,8.75e-05,2400000
-45.9184,47.9592,44,0.00011,2400000
-45.9184,50.0,37,9.25e-05,2400000
-43.8776,-50.0,45,0.0001125,2400000
-43.8776,-47.9592,60,0.00015,2400000
-43.8776,-45.9184,40,0.0001,2400000
-43.8776,-43.8776,34,8.5e-05,2400000
-43.8776,-41.8367,44,0.00011,2400000
-43.8776,-39.7959,52,0.00013000000000000002,2400000
-43.8776,-37.7551,45,0.00011250000000000001,2400000
-43.8776,-35.7143,50,0.000125,2400000
-43.8776,-33.6735,52,0.00013000000000000002,2400000
-43.8776,-31.6327,73,0.00018250000000000002,2400000
-43.8776,-29.5918,77,0.00019250000000000002,2400000
-43.8776,-27.551,49,0.0001225,2400000
-43.8776,-25.5102,71,0.0001775,2400000
-43.8776,-23.4694,65,0.00016250000000000002,2400000
-43.8776,-21.4286,98,0.000245,2400000
-43.8776,-19.3878,62,0.000155,2400000
-43.8776,-17.3469,68,0.00016999999999999999,2400000
-43.8776,-15.3061,68,0.00017,2400000
-43.8776,-13.2653,81,0.00020250000000000002,2400000
-43.8776,-11.2245,71,0.0001775,2400000
-43.8776,-9.18367,84,0.00021,2400000
-43.8776,-7.14286,68,0.00016999999999999999,2400000
-43.8776,-5.10204,91,0.0002275,2400000
-43.8776,-3.06122,88,0.00022,2400000
-43.8776,-1.02041,98,0.000245,2400000
-43.8776,1.02041,75,0.0001875,2400000
-43.8776,3.06122,97,0.0002425,2400000
-43.8776,5.10204,101,0.0002525,2400000
-43.8776,7.14286,101,0.0002525,2400000
-43.8776,9.18367,80,0.0002,2400000
-43.8776,11.2245,96,0.00024,2400000
-43.8776,13.2653,86,0.000215,2400000
-43.8776,15.3061,102,0.000255,2400000
-43.8776,17.3469,118,0.000295,2400000
-43.8776,19.3878,62,0.000155,2400000
-43.8776,21.4286,72,0.00017999999999999998,2400000
-43.8776,23.4694,61,0.00015250000000000002,2400000
-43.8776,25.5102,102,0.000255,2400000
-43.8776,27.551,70,0.000175,2400000
-43.8776,29.5918,58,0.000145,2400000
-43.8776,31.6327,48,0.00012,2400000
-43.8776,33.6735,73,0.00018250000000000002,2400000
-43.8776,35.7143,61,0.0001525,2400000
-43.8776,37.7551,65,0.0001625,2400000
-43.8776,39.7959,58,0.000145,2400000
-43.8776,41.8367,60,0.00015,2400000
-43.8776,43.8776,61,0.0001525,2400000
-43.8776,45.9184,49,0.0001225,2400000
-43.8776,47.9592,37,9.25e-05,2400000
-43.8776,50.0,45,0.0001125,2400000
-41.8367,-50.0,47,0.00011750000000000001,2400000
-41.8367,-47.9592,40,0.0001,2400000
-41.8367,-45.9184,52,0.00013000000000000002,2400000
-41.8367,-43.8776,57,0.0001425,2400000
-41.8367,-41.8367,65,0.0001625,2400000
-41.8367,-39.7959,39,9.75e-05,2400000
-41.8367,-37.7551,51,0.0001275,2400000
-41.8367,-35.7143,44,0.00011,2400000
-41.8367,-33.6735,65,0.0001625,2400000
-41.8367,-31.6327,73,0.00018250000000000002,2400000
-41.8367,-29.5918,70,0.000175,2400000
-41.8367,-27.551,82,0.000205,2400000
-41.8367,-25.5102,45,0.00011250000000000001,2400000
-41.8367,-23.4694,73,0.00018250000000000002,2400000
-41.8367,-21.4286,64,0.00015999999999999999,2400000
-41.8367,-19.3878,83,0.0002075,2400000
-41.8367,-17.3469,81,0.00020250000000000002,2400000
-41.8367,-15.3061,70,0.000175,2400000
-41.8367,-13.2653,90,0.000225,2400000
-41.8367,-11.2245,102,0.000255,2400000
-41.8367,-9.18367,108,0.00027,2400000
-41.8367,-7.14286,83,0.0002075,2400000
-41.8367,-5.10204,105,0.00026250000000000004,2400000
-41.8367,-3.06122,88,0.00022,2400000
-41.8367,-1.02041,87,0.0002175,2400000
-41.8367,1.02041,93,0.00023249999999999999,2400000
-41.8367,3.06122,75,0.0001875,2400000
-41.8367,5.10204,103,0.0002575,2400000
-41.8367,7.14286,131,0.0003275,2400000
-41.8367,9.18367,89,0.0002225,2400000
-41.8367,11.2245,85,0.00021250000000000002,2400000
-41.8367,13.2653,94,0.000235,2400000
-41.8367,15.3061,113,0.0002825,2400000
-41.8367,17.3469,86,0.00021500000000000002,2400000
-41.8367,19.3878,64,0.00016,2400000
-41.8367,21.4286,81,0.0002025,2400000
-41.8367,23.4694,73,0.0001825,2400000
-41.8367,25.5102,72,0.00018,2400000
-41.8367,27.551,69,0.0001725,2400000
-41.8367,29.5918,56,0.00014000000000000001,2400000
-41.8367,31.6327,72,0.00018,2400000
-41.8367,33.6735,73,0.00018250000000000002,2400000
-41.8367,35.7143,58,0.000145,2400000
-41.8367,37.7551,56,0.00014000000000000001,2400000
-41.8367,39.7959,55,0.00013749999999999998,2400000
-41.8367,41.8367,36,9e-05,2400000
-41.8367,43.8776,36,8.999999999999999e-05,2400000
-41.8367,45.9184,33,8.25e-05,2400000
-41.8367,47.9592,32,7.999999999999999e-05,2400000
-41.8367,50.0,50,0.000125,2400000
-39.7959,-50.0,61,0.00015250000000000002,2400000
-39.7959,-47.9592,45,0.00011250000000000001,2400000
-39.7959,-45.9184,41,0.0001025,2400000
-39.7959,-43.8776,44,0.00010999999999999999,2400000
-39.7959,-41.8367,53,0.00013250000000000002,2400000
-39.7959,-39.7959,51,0.0001275,2400000
-39.7959,-37.7551,59,0.0001475,2400000
-39.7959,-35.7143,68,0.00017,2400000
-39.7959,-33.6735,43,0.0001075,2400000
-39.7959,-31.6327,69,0.00017250000000000002,2400000
-39.7959,-29.5918,76,0.00019,2400000
-39.7959,-27.551,76,0.00019,2400000
-39.7959,-25.5102,61,0.0001525,2400000
-39.7959,-23.4694,69,0.00017250000000000002,2400000
-39.7959,-21.4286,77,0.0001925,2400000
-39.7959,-19.3878,87,0.0002175,2400000
-39.7959,-17.3469,87,0.0002175,2400000
-39.7959,-15.3061,70,0.000175,2400000
-39.7959,-13.2653,94,0.000235,2400000
-39.7959,-11.2245,111,0.0002775,2400000
-39.7959,-9.18367,86,0.00021500000000000002,2400000
-39.7959,-7.14286,97,0.0002425,2400000
-39.7959,-5.10204,83,0.0002075,2400000
-39.7959,-3.06122,120,0.00030000000000000003,2400000
-39.7959,-1.02041,115,0.0002875,2400000
-39.7959,1.02041,75,0.0001875,2400000
-39.7959,3.06122,109,0.0002725,2400000
-39.7959,5.10204,138,0.00034500000000000004,2400000
-39.7959,7.14286,108,0.00027,2400000
-39.7959,9.18367,76,0.00018999999999999998,2400000
-39.7959,11.2245,91,0.00022750000000000003,2400000
-39.7959,13.2653,95,0.0002375,2400000
-39.7959,15.3061,96,0.00024,2400000
-39.7959,17.3469,91,0.0002275,2400000
-39.7959,19.3878,92,0.00023,2400000
-39.7959,21.4286,63,0.0001575,2400000
-39.7959,23.4694,71,0.0001775,2400000
-39.7959,25.5102,73,0.00018250000000000002,2400000
-39.7959,27.551,82,0.000205,2400000
-39.7959,29.5918,68,0.00017,2400000
-39.7959,31.6327,42,0.000105,2400000
-39.7959,33.6735,68,0.00016999999999999999,2400000
-39.7959,35.7143,78,0.000195,2400000
-39.7959,37.7551,58,0.000145,2400000
-39.7959,39.7959,46,0.000115,2400000
-39.7959,41.8367,47,0.00011750000000000001,2400000
-39.7959,43.8776,57,0.00014250000000000002,2400000
-39.7959,45.9184,41,0.0001025,2400000
-39.7959,47.9592,51,0.0001275,2400000
-39.7959,50.0,50,0.000125,2400000
-37.7551,-50.0,48,0.00012,2400000
-37.7551,-47.9592,40,0.0001,2400000
-37.7551,-45.9184,33,8.25e-05,2400000
-37.7551,-43.8776,45,0.00011250000000000001,2400000
-37.7551,-41.8367,55,0.00013749999999999998,2400000
-37.7551,-39.7959,57,0.00014250000000000002,2400000
-37.7551,-37.7551,44,0.00010999999999999999,2400000
-37.7551,-35.7143,66,0.000165,2400000
-37.7551,-33.6735,75,0.0001875,2400000
-37.7551,-31.6327,64,0.00015999999999999999,2400000
-37.7551,-29.5918,66,0.000165,2400000
-37.7551,-27.551,95,0.0002375,2400000
-37.7551,-25.5102,85,0.0002125,2400000
-37.7551,-23.4694,99,0.0002475,2400000
-37.7551,-21.4286,81,0.0002025,2400000
-37.7551,-19.3878,103,0.00025749999999999997,2400000
-37.7551,-17.3469,93,0.0002325,2400000
-37.7551,-15.3061,96,0.00024,2400000
-37.7551,-13.2653,112,0.00028000000000000003,2400000
-37.7551,-11.2245,108,0.00027,2400000
-37.7551,-9.18367,102,0.000255,2400000
-37.7551,-7.14286,126,0.000315,2400000
-37.7551,-5.10204,115,0.0002875,2400000
-37.7551,-3.06122,84,0.00021,2400000
-37.7551,-1.02041,113,0.0002825,2400000
-37.7551,1.02041,104,0.00026000000000000003,2400000
-37.7551,3.06122,137,0.00034250000000000003,2400000
-37.7551,5.10204,105,0.0002625,2400000
-37.7551,7.14286,106,0.000265,2400000
-37.7551,9.18367,87,0.0002175,2400000
-37.7551,11.2245,100,0.00025,2400000
-37.7551,13.2653,88,0.00021999999999999998,2400000
-37.7551,15.3061,105,0.0002625,2400000
-37.7551,17.3469,94,0.000235,2400000
-37.7551,19.3878,102,0.000255,2400000
-37.7551,21.4286,106,0.000265,2400000
-37.7551,23.4694,66,0.000165,2400000
-37.7551,25.5102,92,0.00023,2400000
-37.7551,27.551,67,0.0001675,2400000
-37.7551,29.5918,76,0.00019,2400000
-37.7551,31.6327,95,0.0002375,2400000
-37.7551,33.6735,86,0.000215,2400000
-37.7551,35.7143,81,0.00020250000000000002,2400000
-37.7551,37.7551,52,0.00013000000000000002,2400000
-37.7551,39.7959,52,0.00013000000000000002,2400000
-37.7551,41.8367,58,0.000145,2400000
-37.7551,43.8776,56,0.00014000000000000001,2400000
-37.7551,45.9184,46,0.000115,2400000
-37.7551,47.9592,51,0.0001275,2400000
-37.7551,50.0,54,0.000135,2400000
-35.7143,-50.0,36,9e-05,2400000
-35.7143,-47.9592,45,0.00011250000000000001,2400000
-35.7143,-45.9184,43,0.00010750000000000001,2400000
-35.7143,-43.8776,54,0.000135,2400000
-35.7143,-41.8367,58,0.000145,2400000
-35.7143,-39.7959,70,0.000175,2400000
-35.7143,-37.7551,57,0.0001425,2400000
-35.7143,-35.7143,88,0.00022,2400000
-35.7143,-33.6735,86,0.000215,2400000
-35.7143,-31.6327,71,0.0001775,2400000
-35.7143,-29.5918,86,0.000215,2400000
-35.7143,-27.551,91,0.0002275,2400000
-35.7143,-25.5102,85,0.0002125,2400000
-35.7143,-23.4694,77,0.0001925,2400000
-35.7143,-21.4286,74,0.000185,2400000
-35.7143,-19.3878,92,0.00023,2400000
-35.7143,-17.3469,109,0.0002725,2400000
-35.7143,-15.3061,126,0.000315,2400000
-35.7143,-13.2653,117,0.0002925,2400000
-35.7143,-11.2245,93,0.00023249999999999999,2400000
-35.7143,-9.18367,121,0.0003025,2400000
-35.7143,-7.14286,116,0.00029,2400000
-35.7143,-5.10204,133,0.0003325,2400000
-35.7143,-3.06122,139,0.0003475,2400000
-35.7143,-1.02041,145,0.0003625,2400000
-35.7143,1.02041,144,0.00036,2400000
-35.7143,3.06122,143,0.0003575,2400000
-35.7143,5.10204,145,0.0003625,2400000
-35.7143,7.14286,153,0.0003825,2400000
-35.7143,9.18367,117,0.0002925,2400000
-35.7143,11.2245,103,0.0002575,2400000
-35.7143,13.2653,102,0.000255,2400000
-35.7143,15.3061,103,0.0002575,2400000
-35.7143,17.3469,93,0.0002325,2400000
-35.7143,19.3878,125,0.0003125,2400000
-35.7143,21.4286,115,0.0002875,2400000
-35.7143,23.4694,101,0.0002525,2400000
-35.7143,25.5102,108,0.00027,2400000
-35.7143,27.551,84,0.00021,2400000
-35.7143,29.5918,86,0.000215,2400000
-35.7143,31.6327,88,0.00022,2400000
-35.7143,33.6735,70,0.00017500000000000003,2400000
-35.7143,35.7143,71,0.0001775,2400000
-35.7143,37.7551,42,0.000105,2400000
-35.7143,39.7959,75,0.0001875,2400000
-35.7143,41.8367,57,0.0001425,2400000
-35.7143,43.8776,65,0.0001625,2400000
-35.7143,45.9184,43,0.00010750000000000001,2400000
-35.7143,47.9592,46,0.000115,2400000
-35.7143,50.0,59,0.0001475,2400000
-33.6735,-50.0,45,0.0001125,2400000
-33.6735,-47.9592,51,0.0001275,2400000
-33.6735,-45.9184,58,0.000145,2400000
-33.6735,-43.8776,57,0.0001425,2400000
-33.6735,-41.8367,44,0.00010999999999999999,2400000
-33.6735,-39.7959,81,0.00020250000000000002,2400000
-33.6735,-37.7551,61,0.00015250000000000002,2400000
-33.6735,-35.7143,88,0.00022,2400000
-33.6735,-33.6735,89,0.00022250000000000001,2400000
-33.6735,-31.6327,79,0.0001975,2400000
-33.6735,-29.5918,82,0.000205,2400000
-33.6735,-27.551,66,0.000165,2400000
-33.6735,-25.5102,88,0.00022,2400000
-33.6735,-23.4694,88,0.00021999999999999998,2400000
-33.6735,-21.4286,104,0.00026,2400000
-33.6735,-19.3878,120,0.00030000000000000003,2400000
-33.6735,-17.3469,81,0.00020250000000000002,2400000
-33.6735,-15.3061,120,0.00030000000000000003,2400000
-33.6735,-13.2653,100,0.00025,2400000
-33.6735,-11.2245,144,0.00035999999999999997,2400000
-33.6735,-9.18367,158,0.000395,2400000
-33.6735,-7.14286,125,0.0003125,2400000
-33.6735,-5.10204,157,0.0003925,2400000
-33.6735,-3.06122,164,0.00041000000000000005,2400000
-33.6735,-1.02041,168,0.00042,2400000
-33.6735,1.02041,181,0.0004525,2400000
-33.6735,3.06122,181,0.0004525,2400000
-33.6735,5.10204,129,0.00032250000000000003,2400000
-33.6735,7.14286,149,0.0003725,2400000
-33.6735,9.18367,127,0.0003175,2400000
-33.6735,11.2245,134,0.000335,2400000
-33.6735,13.2653,102,0.00025499999999999996,2400000
-33.6735,15.3061,111,0.0002775,2400000
-33.6735,17.3469,123,0.0003075,2400000
-33.6735,19.3878,116,0.00029,2400000
-33.6735,21.4286,86,0.00021500000000000002,2400000
-33.6735,23.4694,78,0.000195,2400000
-33.6735,25.5102,83,0.0002075,2400000
-33.6735,27.551,102,0.000255,2400000
-33.6735,29.5918,84,0.00020999999999999998,2400000
-33.6735,31.6327,77,0.0001925,2400000
-33.6735,33.6735,93,0.0002325,2400000
-33.6735,35.7143,51,0.0001275,2400000
-33.6735,37.7551,70,0.000175,2400000
-33.6735,39.7959,50,0.000125,2400000
-33.6735,41.8367,72,0.00018,2400000
-33.6735,43.8776,69,0.0001725,2400000
-33.6735,45.9184,56,0.00014,2400000
-33.6735,47.9592,48,0.00012,2400000
-33.6735,50.0,44,0.00011,2400000
-31.6327,-50.0,64,0.00016,2400000
-31.6327,-47.9592,49,0.0001225,2400000
-31.6327,-45.9184,66,0.00016499999999999997,2400000
-31.6327,-43.8776,66,0.000165,2400000
-31.6327,-41.8367,58,0.000145,2400000
-31.6327,-39.7959,47,0.0001175,2400000
-31.6327,-37.7551,87,0.0002175,2400000
-31.6327,-35.7143,65,0.0001625,2400000
-31.6327,-33.6735,73,0.0001825,2400000
-31.6327,-31.6327,74,0.000185,2400000
-31.6327,-29.5918,86,0.000215,2400000
-31.6327,-27.551,97,0.00024249999999999999,2400000
-31.6327,-25.5102,93,0.0002325,2400000
-31.6327,-23.4694,97,0.0002425,2400000
-31.6327,-21.4286,129,0.0003225,2400000
-31.6327,-19.3878,111,0.0002775,2400000
-31.6327,-17.3469,96,0.00024,2400000
-31.6327,-15.3061,128,0.00031999999999999997,2400000
-31.6327,-13.2653,151,0.0003775,2400000
-31.6327,-11.2245,122,0.000305,2400000
-31.6327,-9.18367,163,0.00040750000000000004,2400000
-31.6327,-7.14286,159,0.00039749999999999996,2400000
-31.6327,-5.10204,181,0.0004525,2400000
-31.6327,-3.06122,222,0.0005549999999999999,2400000
-31.6327,-1.02041,246,0.000615,2400000
-31.6327,1.02041,200,0.0005,2400000
-31.6327,3.06122,228,0.00057,2400000
-31.6327,5.10204,242,0.0006050000000000001,2400000
-31.6327,7.14286,159,0.0003975,2400000
-31.6327,9.18367,165,0.0004125,2400000
-31.6327,11.2245,138,0.000345,2400000
-31.6327,13.2653,111,0.00027749999999999997,2400000
-31.6327,15.3061,134,0.000335,2400000
-31.6327,17.3469,125,0.0003125,2400000
-31.6327,19.3878,126,0.000315,2400000
-31.6327,21.4286,115,0.0002875,2400000
-31.6327,23.4694,88,0.00022,2400000
-31.6327,25.5102,79,0.0001975,2400000
-31.6327,27.551,94,0.000235,2400000
-31.6327,29.5918,89,0.00022250000000000001,2400000
-31.6327,31.6327,88,0.00022,2400000
-31.6327,33.6735,73,0.00018250000000000002,2400000
-31.6327,35.7143,92,0.00022999999999999998,2400000
-31.6327,37.7551,88,0.00022,2400000
-31.6327,39.7959,72,0.00018,2400000
-31.6327,41.8367,56,0.00014000000000000001,2400000
-31.6327,43.8776,63,0.0001575,2400000
-31.6327,45.9184,56,0.00014000000000000001,2400000
-31.6327,47.9592,70,0.000175,2400000
-31.6327,50.0,59,0.0001475,2400000
-29.5918,-50.0,39,9.75e-05,2400000
-29.5918,-47.9592,48,0.00012,2400000
-29.5918,-45.9184,60,0.00015000000000000001,2400000
-29.5918,-43.8776,69,0.00017250000000000002,2400000
-29.5918,-41.8367,78,0.000195,2400000
-29.5918,-39.7959,87,0.0002175,2400000
-29.5918,-37.7551,64,0.00016,2400000
-29.5918,-35.7143,90,0.000225,2400000
-29.5918,-33.6735,70,0.000175,2400000
-29.5918,-31.6327,88,0.00022,2400000
-29.5918,-29.5918,72,0.00017999999999999998,2400000
-29.5918,-27.551,102,0.000255,2400000
-29.5918,-25.5102,112,0.00028,2400000
-29.5918,-23.4694,114,0.000285,2400000
-29.5918,-21.4286,107,0.0002675,2400000
-29.5918,-19.3878,127,0.0003175,2400000
-29.5918,-17.3469,116,0.00029,2400000
-29.5918,-15.3061,154,0.000385,2400000
-29.5918,-13.2653,139,0.0003475,2400000
-29.5918,-11.2245,138,0.000345,2400000
-29.5918,-9.18367,184,0.00045999999999999996,2400000
-29.5918,-7.14286,228,0.00057,2400000
-29.5918,-5.10204,296,0.00074,2400000
-29.5918,-3.06122,305,0.0007624999999999999,2400000
-29.5918,-1.02041,154518,0.38629499999999994,2400000
-29.5918,1.02041,153312,0.38327999999999995,2400000
-29.5918,3.06122,358,0.0008950000000000001,2400000
-29.5918,5.10204,348,0.0008699999999999999,2400000
-29.5918,7.14286,242,0.0006050000000000001,2400000
-29.5918,9.18367,229,0.0005725,2400000
-29.5918,11.2245,182,0.000455,2400000
-29.5918,13.2653,171,0.0004275,2400000
-29.5918,15.3061,133,0.0003325,2400000
-29.5918,17.3469,148,0.00037,2400000
-29.5918,19.3878,135,0.0003375,2400000
-29.5918,21.4286,114,0.000285,2400000
-29.5918,23.4694,119,0.0002975,2400000
-29.5918,25.5102,98,0.000245,2400000
-29.5918,27.551,123,0.0003075,2400000
-29.5918,29.5918,98,0.000245,2400000
-29.5918,31.6327,91,0.0002275,2400000
-29.5918,33.6735,94,0.000235,2400000
-29.5918,35.7143,66,0.000165,2400000
-29.5918,37.7551,83,0.0002075,2400000
-29.5918,39.7959,67,0.0001675,2400000
-29.5918,41.8367,69,0.0001725,2400000
-29.5918,43.8776,63,0.0001575,2400000
-29.5918,45.9184,62,0.00015500000000000003,2400000
-29.5918,47.9592,55,0.0001375,2400000
-29.5918,50.0,31,7.75e-05,2400000
-27.551,-50.0,53,0.0001325,2400000
-27.551,-47.9592,58,0.000145,2400000
-27.551,-45.9184,54,0.000135,2400000
-27.551,-43.8776,53,0.0001325,2400000
-27.551,-41.8367,84,0.00021,2400000
-27.551,-39.7959,76,0.00019,2400000
-27.551,-37.7551,78,0.000195,2400000
-27.551,-35.7143,77,0.00019250000000000002,2400000
-27.551,-33.6735,97,0.00024249999999999999,2400000
-27.551,-31.6327,91,0.0002275,2400000
-27.551,-29.5918,95,0.0002375,2400000
-27.551,-27.551,101,0.0002525,2400000
-27.551,-25.5102,97,0.00024249999999999999,2400000
-27.551,-23.4694,132,0.00033,2400000
-27.551,-21.4286,124,0.00031,2400000
-27.551,-19.3878,178,0.000445,2400000
-27.551,-17.3469,135,0.00033749999999999996,2400000
-27.551,-15.3061,163,0.0004075,2400000
-27.551,-13.2653,153,0.00038250000000000003,2400000
-27.551,-11.2245,194,0.00048499999999999997,2400000
-27.551,-9.18367,206,0.000515,2400000
-27.551,-7.14286,386,0.000965,2400000
-27.551,-5.10204,177909,0.44477249999999996,2400000
-27.551,-3.06122,197497,0.493742,2400000
-27.551,-1.02041,203075,0.5076875,2400000
-27.551,1.02041,203698,0.5092454999999999,2400000
-27.551,3.06122,197969,0.4949225,2400000
-27.551,5.10204,177443,0.4436075,2400000
-27.551,7.14286,337,0.0008424999999999999,2400000
-27.551,9.18367,267,0.0006675,2400000
-27.551,11.2245,197,0.0004925,2400000
-27.551,13.2653,148,0.00037,2400000
-27.551,15.3061,160,0.0004,2400000
-27.551,17.3469,155,0.0003875,2400000
-27.551,19.3878,116,0.00029,2400000
-27.551,21.4286,145,0.0003625,2400000
-27.551,23.4694,109,0.0002725,2400000
-27.551,25.5102,117,0.0002925,2400000
-27.551,27.551,123,0.0003075,2400000
-27.551,29.5918,108,0.00027,2400000
-27.551,31.6327,95,0.0002375,2400000
-27.551,33.6735,116,0.00029,2400000
-27.551,35.7143,75,0.0001875,2400000
-27.551,37.7551,79,0.0001975,2400000
-27.551,39.7959,68,0.00016999999999999999,2400000
-27.551,41.8367,57,0.00014250000000000002,2400000
-27.551,43.8776,77,0.0001925,2400000
-27.551,45.9184,82,0.000205,2400000
-27.551,47.9592,59,0.0001475,2400000
-27.551,50.0,61,0.0001525,2400000
-25.5102,-50.0,56,0.00014,2400000
-25.5102,-47.9592,65,0.0001625,2400000
-25.5102,-45.9184,91,0.0002275,2400000
-25.5102,-43.8776,91,0.0002275,2400000
-25.5102,-41.8367,76,0.00019,2400000
-25.5102,-39.7959,90,0.000225,2400000
-25.5102,-37.7551,86,0.000215,2400000
-25.5102,-35.7143,86,0.000215,2400000
-25.5102,-33.6735,94,0.00023500000000000002,2400000
-25.5102,-31.6327,115,0.0002875,2400000
-25.5102,-29.5918,137,0.0003425,2400000
-25.5102,-27.551,94,0.00023500000000000002,2400000
-25.5102,-25.5102,114,0.000285,2400000
-25.5102,-23.4694,145,0.00036250000000000003,2400000
-25.5102,-21.4286,136,0.00034,2400000
-25.5102,-19.3878,159,0.0003975,2400000
-25.5102,-17.3469,144,0.00036,2400000
-25.5102,-15.3061,177,0.0004425,2400000
-25.5102,-13.2653,176,0.00044,2400000
-25.5102,-11.2245,267,0.0006675,2400000
-25.5102,-9.18367,332,0.00083,2400000
-25.5102,-7.14286,181868,0.45467,2400000
-25.5102,-5.10204,204962,0.5124045,2400000
-25.5102,-3.06122,211769,0.5294225,2400000
-25.5102,-1.02041,213559,0.5338974999999999,2400000
-25.5102,1.02041,214789,0.5369725,2400000
-25.5102,3.06122,211882,0.529705,2400000
-25.5102,5.10204,204700,0.51175,2400000
-25.5102,7.14286,182377,0.455942,2400000
-25.5102,9.18367,317,0.0007925,2400000
-25.5102,11.2245,238,0.000595,2400000
-25.5102,13.2653,194,0.000485,2400000
-25.5102,15.3061,191,0.0004775,2400000
-25.5102,17.3469,189,0.0004725,2400000
-25.5102,19.3878,133,0.0003325,2400000
-25.5102,21.4286,181,0.0004525,2400000
-25.5102,23.4694,119,0.0002975,2400000
-25.5102,25.5102,146,0.000365,2400000
-25.5102,27.551,104,0.00026,2400000
-25.5102,29.5918,87,0.0002175,2400000
-25.5102,31.6327,93,0.00023249999999999999,2400000
-25.5102,33.6735,83,0.0002075,2400000
-25.5102,35.7143,94,0.000235,2400000
-25.5102,37.7551,93,0.0002325,2400000
-25.5102,39.7959,70,0.000175,2400000
-25.5102,41.8367,56,0.00014,2400000
-25.5102,43.8776,71,0.0001775,2400000
-25.5102,45.9184,79,0.00019749999999999998,2400000
-25.5102,47.9592,61,0.0001525,2400000
-25.5102,50.0,67,0.0001675,2400000
-23.4694,-50.0,60,0.00015000000000000001,2400000
-23.4694,-47.9592,60,0.00015,2400000
-23.4694,-45.9184,59,0.0001475,2400000
-23.4694,-43.8776,66,0.000165,2400000
-23.4694,-41.8367,66,0.000165,2400000
-23.4694,-39.7959,69,0.00017250000000000002,2400000
-23.4694,-37.7551,91,0.0002275,2400000
-23.4694,-35.7143,75,0.0001875,2400000
-23.4694,-33.6735,70,0.00017500000000000003,2400000
-23.4694,-31.6327,112,0.00028000000000000003,2400000
-23.4694,-29.5918,101,0.0002525,2400000
-23.4694,-27.551,132,0.00033,2400000
-23.4694,-25.5102,130,0.000325,2400000
-23.4694,-23.4694,169,0.0004225,2400000
-23.4694,-21.4286,120,0.00030000000000000003,2400000
-23.4694,-19.3878,173,0.0004325,2400000
-23.4694,-17.3469,176,0.00044,2400000
-23.4694,-15.3061,237,0.0005924999999999999,2400000
-23.4694,-13.2653,242,0.000605,2400000
-23.4694,-11.2245,217,0.0005425,2400000
-23.4694,-9.18367,153968,0.3849205,2400000
-23.4694,-7.14286,201830,0.504575,2400000
-23.4694,-5.10204,213241,0.533103,2400000
-23.4694,-3.06122,217131,0.5428275,2400000
-23.4694,-1.02041,217551,0.5438780000000001,2400000
-23.4694,1.02041,217323,0.5433075,2400000
-23.4694,3.06122,217327,0.543318,2400000
-23.4694,5.10204,213091,0.5327270000000001,2400000
-23.4694,7.14286,202691,0.506728,2400000
-23.4694,9.18367,154293,0.38573300000000005,2400000
-23.4694,11.2245,299,0.0007475,2400000
-23.4694,13.2653,245,0.0006125000000000001,2400000
-23.4694,15.3061,262,0.000655,2400000
-23.4694,17.3469,227,0.0005675,2400000
-23.4694,19.3878,191,0.0004775,2400000
-23.4694,21.4286,149,0.0003725,2400000
-23.4694,23.4694,167,0.0004175,2400000
-23.4694,25.5102,155,0.00038750000000000004,2400000
-23.4694,27.551,136,0.00034,2400000
-23.4694,29.5918,122,0.00030500000000000004,2400000
-23.4694,31.6327,93,0.0002325,2400000
-23.4694,33.6735,99,0.0002475,2400000
-23.4694,35.7143,89,0.0002225,2400000
-23.4694,37.7551,85,0.00021250000000000002,2400000
-23.4694,39.7959,96,0.00024,2400000
-23.4694,41.8367,91,0.0002275,2400000
-23.4694,43.8776,87,0.0002175,2400000
-23.4694,45.9184,83,0.0002075,2400000
-23.4694,47.9592,72,0.00018,2400000
-23.4694,50.0,48,0.00012,2400000
-21.4286,-50.0,55,0.0001375,2400000
-21.4286,-47.9592,57,0.0001425,2400000
-21.4286,-45.9184,51,0.0001275,2400000
-21.4286,-43.8776,74,0.000185,2400000
-21.4286,-41.8367,73,0.0001825,2400000
-21.4286,-39.7959,85,0.0002125,2400000
-21.4286,-37.7551,82,0.000205,2400000
-21.4286,-35.7143,100,0.00025,2400000
-21.4286,-33.6735,106,0.000265,2400000
-21.4286,-31.6327,106,0.000265,2400000
-21.4286,-29.5918,121,0.0003025,2400000
-21.4286,-27.551,137,0.0003425,2400000
-21.4286,-25.5102,157,0.0003925,2400000
-21.4286,-23.4694,236,0.00059,2400000
-21.4286,-21.4286,222,0.000555,2400000
-21.4286,-19.3878,287,0.0007175,2400000
-21.4286,-17.3469,252,0.00063,2400000
-21.4286,-15.3061,340,0.00085,2400000
-21.4286,-13.2653,281,0.0007025,2400000
-21.4286,-11.2245,361,0.0009025,2400000
-21.4286,-9.18367,184861,0.462153,2400000
-21.4286,-7.14286,210629,0.5265724999999999,2400000
-21.4286,-5.10204,215807,0.5395179999999999,2400000
-21.4286,-3.06122,218546,0.5463655,2400000
-21.4286,-1.02041,218377,0.5459419999999999,2400000
-21.4286,1.02041,218993,0.5474825,2400000
-21.4286,3.06122,218953,0.547382,2400000
-21.4286,5.10204,216455,0.5411374999999999,2400000
-21.4286,7.14286,209743,0.5243570000000001,2400000
-21.4286,9.18367,184111,0.4602775,2400000
-21.4286,11.2245,379,0.0009475,2400000
-21.4286,13.2653,362,0.000905,2400000
-21.4286,15.3061,303,0.0007575,2400000
-21.4286,17.3469,247,0.0006175,2400000
-21.4286,19.3878,229,0.0005725000000000001,2400000
-21.4286,21.4286,213,0.0005325,2400000
-21.4286,23.4694,181,0.00045250000000000005,2400000
-21.4286,25.5102,152,0.00038,2400000
-21.4286,27.551,137,0.0003425,2400000
-21.4286,29.5918,119,0.0002975,2400000
-21.4286,31.6327,114,0.000285,2400000
-21.4286,33.6735,104,0.00026000000000000003,2400000
-21.4286,35.7143,91,0.0002275,2400000
-21.4286,37.7551,82,0.000205,2400000
-21.4286,39.7959,91,0.0002275,2400000
-21.4286,41.8367,95,0.00023750000000000003,2400000
-21.4286,43.8776,68,0.00017,2400000
-21.4286,45.9184,64,0.00016,2400000
-21.4286,47.9592,48,0.00012,2400000
-21.4286,50.0,54,0.000135,2400000
-19.3878,-50.0,72,0.00017999999999999998,2400000
-19.3878,-47.9592,50,0.000125,2400000
-19.3878,-45.9184,68,0.00017,2400000
-19.3878,-43.8776,81,0.0002025,2400000
-19.3878,-41.8367,76,0.00019,2400000
-19.3878,-39.7959,97,0.0002425,2400000
-19.3878,-37.7551,85,0.00021250000000000002,2400000
-19.3878,-35.7143,93,0.00023249999999999999,2400000
-19.3878,-33.6735,95,0.00023750000000000003,2400000
-19.3878,-31.6327,116,0.00029,2400000
-19.3878,-29.5918,126,0.000315,2400000
-19.3878,-27.551,191,0.00047750000000000006,2400000
-19.3878,-25.5102,243,0.0006075,2400000
-19.3878,-23.4694,299,0.0007475000000000001,2400000
-19.3878,-21.4286,309,0.0007725,2400000
-19.3878,-19.3878,158148,0.39537,2400000
-19.3878,-17.3469,172391,0.43097699999999994,2400000
-19.3878,-15.3061,168440,0.4211,2400000
-19.3878,-13.2653,471,0.0011775,2400000
-19.3878,-11.2245,518,0.001295,2400000
-19.3878,-9.18367,196140,0.49035,2400000
-19.3878,-7.14286,214458,0.5361454999999999,2400000
-19.3878,-5.10204,217450,0.5436245,2400000
-19.3878,-3.06122,219402,0.548505,2400000
-19.3878,-1.02041,218700,0.54675,2400000
-19.3878,1.02041,219089,0.547722,2400000
-19.3878,3.06122,218992,0.54748,2400000
-19.3878,5.10204,217469,0.543673,2400000
-19.3878,7.14286,212932,0.5323304999999999,2400000
-19.3878,9.18367,197267,0.49316750000000004,2400000
-19.3878,11.2245,537,0.0013425,2400000
-19.3878,13.2653,392,0.00098,2400000
-19.3878,15.3061,168443,0.42110749999999997,2400000
-19.3878,17.3469,170855,0.427137,2400000
-19.3878,19.3878,157483,0.39370750000000004,2400000
-19.3878,21.4286,324,0.0008100000000000001,2400000
-19.3878,23.4694,249,0.0006225,2400000
-19.3878,25.5102,161,0.00040249999999999997,2400000
-19.3878,27.551,163,0.0004075,2400000
-19.3878,29.5918,161,0.0004025,2400000
-19.3878,31.6327,111,0.0002775,2400000
-19.3878,33.6735,129,0.0003225,2400000
-19.3878,35.7143,71,0.0001775,2400000
-19.3878,37.7551,94,0.000235,2400000
-19.3878,39.7959,93,0.0002325,2400000
-19.3878,41.8367,95,0.0002375,2400000
-19.3878,43.8776,57,0.0001425,2400000
-19.3878,45.9184,68,0.00016999999999999999,2400000
-19.3878,47.9592,54,0.000135,2400000
-19.3878,50.0,54,0.000135,2400000
-17.3469,-50.0,63,0.0001575,2400000
-17.3469,-47.9592,70,0.000175,2400000
-17.3469,-45.9184,103,0.0002575,2400000
-17.3469,-43.8776,79,0.00019749999999999998,2400000
-17.3469,-41.8367,80,0.0002,2400000
-17.3469,-39.7959,76,0.00019,2400000
-17.3469,-37.7551,90,0.000225,2400000
-17.3469,-35.7143,92,0.00023,2400000
-17.3469,-33.6735,88,0.00021999999999999998,2400000
-17.3469,-31.6327,133,0.0003325,2400000
-17.3469,-29.5918,141,0.0003525,2400000
-17.3469,-27.551,185,0.0004625,2400000
-17.3469,-25.5102,306,0.0007650000000000001,2400000
-17.3469,-23.4694,158177,0.395443,2400000
-17.3469,-21.4286,193766,0.484415,2400000
-17.3469,-19.3878,203932,0.5098305,2400000
-17.3469,-17.3469,206944,0.5173605,2400000
-17.3469,-15.3061,207511,0.518777,2400000
-17.3469,-13.2653,203696,0.50924,2400000
-17.3469,-11.2245,196504,0.49126000000000003,2400000
-17.3469,-9.18367,204814,0.5120345,2400000
-17.3469,-7.14286,215914,0.5397845,2400000
-17.3469,-5.10204,217996,0.54499,2400000
-17.3469,-3.06122,219043,0.547607,2400000
-17.3469,-1.02041,219151,0.5478775,2400000
-17.3469,1.02041,218935,0.5473375,2400000
-17.3469,3.06122,218959,0.5473974999999999,2400000
-17.3469,5.10204,217764,0.5444104999999999,2400000
-17.3469,7.14286,216138,0.5403445,2400000
-17.3469,9.18367,203861,0.5096525000000001,2400000
-17.3469,11.2245,195933,0.489832,2400000
-17.3469,13.2653,204577,0.511442,2400000
-17.3469,15.3061,208234,0.5205855,2400000
-17.3469,17.3469,206899,0.517248,2400000
-17.3469,19.3878,203703,0.5092575,2400000
-17.3469,21.4286,193189,0.482973,2400000
-17.3469,23.4694,158154,0.39538449999999997,2400000
-17.3469,25.5102,270,0.000675,2400000
-17.3469,27.551,212,0.00053,2400000
-17.3469,29.5918,164,0.00041,2400000
-17.3469,31.6327,131,0.0003275,2400000
-17.3469,33.6735,110,0.000275,2400000
-17.3469,35.7143,136,0.00034,2400000
-17.3469,37.7551,107,0.0002675,2400000
-17.3469,39.7959,101,0.0002525,2400000
-17.3469,41.8367,83,0.0002075,2400000
-17.3469,43.8776,90,0.000225,2400000
-17.3469,45.9184,60,0.00015,2400000
-17.3469,47.9592,84,0.00021,2400000
-17.3469,50.0,43,0.0001075,2400000
-15.3061,-50.0,66,0.000165,2400000
-15.3061,-47.9592,62,0.00015499999999999997,2400000
-15.3061,-45.9184,58,0.000145,2400000
-15.3061,-43.8776,68,0.00017,2400000
-15.3061,-41.8367,92,0.00023,2400000
-15.3061,-39.7959,92,0.00023,2400000
-15.3061,-37.7551,94,0.000235,2400000
-15.3061,-35.7143,87,0.00021750000000000003,2400000
-15.3061,-33.6735,112,0.00028000000000000003,2400000
-15.3061,-31.6327,128,0.00032,2400000
-15.3061,-29.5918,164,0.00041000000000000005,2400000
-15.3061,-27.551,256,0.00064,2400000
-15.3061,-25.5102,146707,0.3667675,2400000
-15.3061,-23.4694,198199,0.49549750000000004,2400000
-15.3061,-21.4286,210081,0.5252020000000001,2400000
-15.3061,-19.3878,213649,0.534122,2400000
-15.3061,-17.3469,215663,0.539158,2400000
-15.3061,-15.3061,215779,0.5394475000000001,2400000
-15.3061,-13.2653,215440,0.5385999999999999,2400000
-13.2653,47.9592,50,0.000125,2400000
-13.2653,50.0,100,0.00025,2400000
-11.2245,-50.0,56,0.00014,2400000
-11.2245,-47.9592,76,0.00019,2400000
-11.2245,-45.9184,74,0.000185,2400000
-11.2245,-43.8776,73,0.0001825,2400000
-11.2245,-41.8367,92,0.00023,2400000
-11.2245,-39.7959,88,0.00022,2400000
-11.2245,-37.7551,87,0.0002175,2400000
-11.2245,-35.7143,109,0.0002725,2400000
-11.2245,-33.6735,137,0.00034250000000000003,2400000
-11.2245,-31.6327,152,0.00038,2400000
-11.2245,-29.5918,247,0.0006175,2400000
-11.2245,-27.551,361,0.0009025,2400000
-11.2245,-25.5102,196164,0.49041,2400000
-11.2245,-23.4694,212336,0.5308404999999999,2400000
-11.2245,-21.4286,217049,0.542622,2400000
-11.2245,-19.3878,218391,0.545977,2400000
-11.2245,-17.3469,219358,0.5483945000000001,2400000
-11.2245,-15.3061,218952,0.5473795,2400000
-11.2245,-13.2653,220106,0.550265,2400000
-11.2245,-11.2245,217585,0.543963,2400000
-11.2245,-9.18367,212632,0.5315799999999999,2400000
-11.2245,-7.14286,651,0.0016275,2400000
-11.2245,-5.10204,655,0.0016375,2400000
-11.2245,-3.06122,194913,0.4872825,2400000
-11.2245,-1.02041,199909,0.4997725,2400000
-11.2245,1.02041,200323,0.5008075,2400000
-11.2245,3.06122,194660,0.48665050000000004,2400000
-11.2245,5.10204,608,0.0015199999999999999,2400000
-11.2245,7.14286,698,0.001745,2400000
-11.2245,9.18367,212867,0.5321675,2400000
-11.2245,11.2245,217498,0.5437455,2400000
-11.2245,13.2653,218484,0.54621,2400000
-11.2245,15.3061,219583,0.548957,2400000
-11.2245,17.3469,218327,0.5458175,2400000
-11.2245,19.3878,218297,0.5457425,2400000
-11.2245,21.4286,217486,0.5437150000000001,2400000
-11.2245,23.4694,210739,0.5268475,2400000
-11.2245,25.5102,195787,0.489467,2400000
-11.2245,27.551,305,0.0007624999999999999,2400000
-11.2245,29.5918,214,0.000535,2400000
-11.2245,31.6327,154,0.000385,2400000
-11.2245,33.6735,136,0.00034,2400000
-11.2245,35.7143,131,0.0003275,2400000
-11.2245,37.7551,104,0.00026000000000000003,2400000
-11.2245,39.7959,96,0.00024,2400000
-11.2245,41.8367,102,0.000255,2400000
-11.2245,43.8776,71,0.00017749999999999998,2400000
-11.2245,45.9184,59,0.0001475,2400000
-11.2245,47.9592,71,0.0001775,2400000
-11.2245,50.0,61,0.0001525,2400000
-9.18367,-50.0,92,0.00023,2400000
-9.18367,-47.9592,62,0.000155,2400000
-9.18367,-45.9184,61,0.00015250000000000002,2400000
-9.18367,-43.8776,115,0.0002875,2400000
-9.18367,-41.8367,94,0.00023500000000000002,2400000
-9.18367,-39.7959,118,0.000295,2400000
-9.18367,-37.7551,91,0.0002275,2400000
-9.18367,-35.7143,118,0.000295,2400000
-9.18367,-33.6735,112,0.00028000000000000003,2400000
-9.18367,-31.6327,152,0.00038,2400000
-9.18367,-29.5918,229,0.0005725,2400000
-9.18367,-27.551,337,0.0008424999999999999,2400000
-9.18367,-25.5102,196426,0.491065,2400000
-9.18367,-23.4694,211436,0.5285895,2400000
-9.18367,-21.4286,218005,0.5450125,2400000
-9.18367,-19.3878,218608,0.54652,2400000
-9.18367,-17.3469,218814,0.5470349999999999,2400000
-9.18367,-15.3061,219721,0.5493024999999999,2400000
-9.18367,-13.2653,218794,0.5469855,2400000
-9.18367,-11.2245,216847,0.5421175,2400000
-9.18367,-9.18367,209862,0.524655,2400000
-9.18367,-7.14286,551,0.0013775,2400000
-9.18367,-5.10204,467,0.0011675000000000001,2400000
-9.18367,-3.06122,415,0.0010375,2400000
-9.18367,-1.02041,419,0.0010475,2400000
-9.18367,1.02041,457,0.0011425,2400000
-9.18367,3.06122,446,0.001115,2400000
-9.18367,5.10204,458,0.001145,2400000
-9.18367,7.14286,587,0.0014675,2400000
-9.18367,9.18367,209780,0.52445,2400000
-9.18367,11.2245,217433,0.5435829999999999,2400000
-9.18367,13.2653,217958,0.5448945000000001,2400000
-9.18367,15.3061,219017,0.5475425,2400000
-9.18367,17.3469,218800,0.5469995000000001,2400000
-9.18367,19.3878,218586,0.5464645,2400000
-9.18367,21.4286,217527,0.543818,2400000
-9.18367,23.4694,213153,0.532882,2400000
-9.18367,25.5102,196693,0.491732,2400000
-9.18367,27.551,332,0.0008299999999999999,2400000
-9.18367,29.5918,176,0.00043999999999999996,2400000
-9.18367,31.6327,180,0.00045,2400000
-9.18367,33.6735,128,0.00032,2400000
-9.18367,35.7143,86,0.00021500000000000002,2400000
-9.18367,37.7551,120,0.0003,2400000
-9.18367,39.7959,106,0.000265,2400000
-9.18367,41.8367,93,0.00023249999999999999,2400000
-9.18367,43.8776,94,0.000235,2400000
-9.18367,45.9184,69,0.0001725,2400000
-9.18367,47.9592,67,0.0001675,2400000
-9.18367,50.0,70,0.000175,2400000
-7.14286,-50.0,70,0.000175,2400000
-7.14286,-47.9592,74,0.000185,2400000
-7.14286,-45.9184,65,0.0001625,2400000
-7.14286,-43.8776,100,0.00025,2400000
-7.14286,-41.8367,84,0.00021,2400000
-7.14286,-39.7959,88,0.00022,2400000
-7.14286,-37.7551,122,0.00030500000000000004,2400000
-7.14286,-35.7143,107,0.0002675,2400000
-7.14286,-33.6735,116,0.00029,2400000
-7.14286,-31.6327,149,0.0003725,2400000
-7.14286,-29.5918,186,0.000465,2400000
-7.14286,-27.551,316,0.0007899999999999999,2400000
-7.14286,-25.5102,189627,0.4740675,2400000
-7.14286,-23.4694,209772,0.5244305,2400000
-7.14286,-21.4286,216191,0.5404774999999999,2400000
-7.14286,-19.3878,218546,0.5463650000000001,2400000
-7.14286,-17.3469,218954,0.5473850000000001,2400000
-7.14286,-15.3061,219455,0.548638,2400000
-7.14286,-13.2653,217804,0.5445099999999999,2400000
-7.14286,-11.2245,215757,0.5393924999999999,2400000
-7.14286,-9.18367,203628,0.50907,2400000
-7.14286,-7.14286,542,0.0013549999999999999,2400000
-7.14286,-5.10204,391,0.0009775,2400000
-7.14286,-3.06122,348,0.00087,2400000
-7.14286,-1.02041,382,0.000955,2400000
-7.14286,1.02041,311,0.0007775,2400000
-7.14286,3.06122,393,0.0009824999999999999,2400000
-7.14286,5.10204,415,0.0010375,2400000
-7.14286,7.14286,481,0.0012025,2400000
-7.14286,9.18367,204126,0.5103145,2400000
-7.14286,11.2245,214106,0.5352650000000001,2400000
-7.14286,13.2653,218136,0.54534,2400000
-7.14286,15.3061,219217,0.548042,2400000
-7.14286,17.3469,218820,0.5470505,2400000
-7.14286,19.3878,217393,0.5434825,2400000
-7.14286,21.4286,215761,0.5394025,2400000
-7.14286,23.4694,210642,0.526605,2400000
-7.14286,25.5102,189355,0.47338749999999996,2400000
-7.14286,27.551,328,0.0008199999999999999,2400000
-7.14286,29.5918,210,0.0005250000000000001,2400000
-7.14286,31.6327,180,0.00045,2400000
-7.14286,33.6735,149,0.0003725,2400000
-7.14286,35.7143,97,0.0002425,2400000
-7.14286,37.7551,113,0.0002825,2400000
-7.14286,39.7959,95,0.0002375,2400000
-7.14286,41.8367,98,0.000245,2400000
-7.14286,43.8776,95,0.00023750000000000003,2400000
-7.14286,45.9184,79,0.0001975,2400000
-7.14286,47.9592,79,0.0001975,2400000
-7.14286,50.0,50,0.000125,2400000
-5.10204,-50.0,63,0.00015749999999999998,2400000
-5.10204,-47.9592,75,0.0001875,2400000
-5.10204,-45.9184,74,0.000185,2400000
-5.10204,-43.8776,101,0.0002525,2400000
-5.10204,-41.8367,77,0.00019250000000000002,2400000
-5.10204,-39.7959,88,0.00021999999999999998,2400000
-5.10204,-37.7551,102,0.000255,2400000
-5.10204,-35.7143,129,0.0003225,2400000
-5.10204,-33.6735,153,0.0003825,2400000
-5.10204,-31.6327,188,0.00047,2400000
-5.10204,-29.5918,184,0.00046,2400000
-5.10204,-27.551,270,0.000675,2400000
-5.10204,-25.5102,165597,0.4139925,2400000
-5.10204,-23.4694,204054,0.5101355,2400000
-5.10204,-21.4286,213308,0.5332695000000001,2400000
-5.10204,-19.3878,216901,0.5422525,2400000
-5.10204,-17.3469,218874,0.547185,2400000
-5.10204,-15.3061,218286,0.5457155,2400000
-5.10204,-13.2653,217078,0.5426955,2400000
-5.10204,-11.2245,210443,0.526108,2400000
-5.10204,-9.18367,186960,0.46740000000000004,2400000
-5.10204,-7.14286,448,0.0011200000000000001,2400000
-5.10204,-5.10204,329,0.0008225000000000001,2400000
-5.10204,-3.06122,341,0.0008525,2400000
-5.10204,-1.02041,335,0.0008375,2400000
-5.10204,1.02041,373,0.0009325,2400000
-5.10204,3.06122,331,0.0008275,2400000
-5.10204,5.10204,341,0.0008525,2400000
-5.10204,7.14286,391,0.0009775,2400000
-5.10204,9.18367,186541,0.4663525,2400000
-5.10204,11.2245,209942,0.524855,2400000
-5.10204,13.2653,215927,0.5398170000000001,2400000
-5.10204,15.3061,218262,0.5456545,2400000
-5.10204,17.3469,218541,0.5463525,2400000
-5.10204,19.3878,217484,0.5437095,2400000
-5.10204,21.4286,214453,0.536133,2400000
-5.10204,23.4694,203447,0.508618,2400000
-5.10204,25.5102,164837,0.412093,2400000
-5.10204,27.551,319,0.0007975,2400000
-5.10204,29.5918,212,0.00053,2400000
-5.10204,31.6327,158,0.000395,2400000
-5.10204,33.6735,143,0.00035749999999999996,2400000
-5.10204,35.7143,100,0.00025,2400000
-5.10204,37.7551,140,0.00035,2400000
-5.10204,39.7959,96,0.00024,2400000
-5.10204,41.8367,99,0.0002475,2400000
-5.10204,43.8776,87,0.0002175,2400000
-5.10204,45.9184,92,0.00023,2400000
-5.10204,47.9592,70,0.000175,2400000
-5.10204,50.0,58,0.000145,2400000
-3.06122,-50.0,51,0.0001275,2400000
-3.06122,-47.9592,97,0.00024249999999999999,2400000
-3.06122,-45.9184,64,0.00015999999999999999,2400000
-3.06122,-43.8776,88,0.00021999999999999998,2400000
-3.06122,-41.8367,94,0.00023500000000000002,2400000
-3.06122,-39.7959,83,0.0002075,2400000
-3.06122,-37.7551,112,0.00028000000000000003,2400000
-3.06122,-35.7143,119,0.0002975,2400000
-3.06122,-33.6735,138,0.000345,2400000
-3.06122,-31.6327,148,0.00037,2400000
-3.06122,-29.5918,189,0.0004725,2400000
-3.06122,-27.551,274,0.0006850000000000001,2400000
-3.06122,-25.5102,331,0.0008274999999999999,2400000
-3.06122,-23.4694,183829,0.45957249999999994,2400000
-3.06122,-21.4286,206987,0.5174675,2400000
-3.06122,-19.3878,214410,0.5360244999999999,2400000
-3.06122,-17.3469,217467,0.5436675,2400000
-3.06122,-15.3061,217327,0.543318,2400000
-3.06122,-13.2653,211946,0.529865,2400000
-3.06122,-11.2245,196546,0.49136450000000004,2400000
-3.06122,-9.18367,444,0.0011099999999999999,2400000
-3.06122,-7.14286,368,0.00092,2400000
-3.06122,-5.10204,343,0.0008575,2400000
-3.06122,-3.06122,339,0.0008475,2400000
-3.06122,-1.02041,311,0.0007775,2400000
-3.06122,1.02041,300,0.00075,2400000
-3.06122,3.06122,279,0.0006975,2400000
-3.06122,5.10204,295,0.0007375,2400000
-3.06122,7.14286,400,0.001,2400000
-3.06122,9.18367,448,0.00112,2400000
-3.06122,11.2245,196112,0.49028,2400000
-3.06122,13.2653,212478,0.5311945,2400000
-3.06122,15.3061,215683,0.5392075000000001,2400000
-3.06122,17.3469,217948,0.5448695,2400000
-3.06122,19.3878,215013,0.5375325,2400000
-3.06122,21.4286,207573,0.518933,2400000
-3.06122,23.4694,183890,0.4597255,2400000
-3.06122,25.5102,379,0.0009475,2400000
-3.06122,27.551,249,0.0006225,2400000
-3.06122,29.5918,207,0.0005175000000000001,2400000
-3.06122,31.6327,138,0.00034500000000000004,2400000
-3.06122,33.6735,167,0.0004175,2400000
-3.06122,35.7143,91,0.0002275,2400000
-3.06122,37.7551,113,0.0002825,2400000
-3.06122,39.7959,98,0.000245,2400000
-3.06122,41.8367,104,0.00026000000000000003,2400000
-3.06122,43.8776,108,0.00027,2400000
-3.06122,45.9184,67,0.0001675,2400000
-3.06122,47.9592,70,0.000175,2400000
-3.06122,50.0,71,0.0001775,2400000
-1.02041,-50.0,65,0.0001625,2400000
-1.02041,-47.9592,74,0.000185,2400000
-1.02041,-45.9184,99,0.0002475,2400000
-1.02041,-43.8776,90,0.000225,2400000
-1.02041,-41.8367,114,0.000285,2400000
-1.02041,-39.7959,101,0.0002525,2400000
-1.02041,-37.7551,104,0.00026000000000000003,2400000
-1.02041,-35.7143,148,0.00037,2400000
-1.02041,-33.6735,156,0.00039000000000000005,2400000
-1.02041,-31.6327,143,0.0003575,2400000
-1.02041,-29.5918,175,0.0004375,2400000
-1.02041,-27.551,250,0.000625,2400000
-1.02041,-25.5102,306,0.000765,2400000
-1.02041,-23.4694,444,0.0011099999999999999,2400000
-1.02041,-21.4286,179275,0.44818800000000003,2400000
-1.02041,-19.3878,209557,0.5238925,2400000
-1.02041,-17.3469,216434,0.5410845,2400000
-1.02041,-15.3061,212546,0.5313645,2400000
-1.02041,-13.2653,190774,0.476935,2400000
-1.02041,-11.2245,570,0.001425,2400000
-1.02041,-9.18367,444,0.0011099999999999999,2400000
-1.02041,-7.14286,387,0.0009675,2400000
-1.02041,-5.10204,348,0.00087,2400000
-1.02041,-3.06122,307,0.0007675,2400000
-1.02041,-1.02041,354,0.0008849999999999999,2400000
-1.02041,1.02041,288,0.0007199999999999999,2400000
-1.02041,3.06122,321,0.0008025,2400000
-1.02041,5.10204,311,0.0007775,2400000
-1.02041,7.14286,375,0.0009375,2400000
-1.02041,9.18367,395,0.0009875,2400000
-1.02041,11.2245,488,0.00122,2400000
-1.02041,13.2653,192026,0.480066,2400000
-1.02041,15.3061,212014,0.530035,2400000
-1.02041,17.3469,216175,0.5404375,2400000
-1.02041,19.3878,208617,0.5215425,2400000
-1.02041,21.4286,178576,0.44644,2400000
-1.02041,23.4694,361,0.0009025,2400000
-1.02041,25.5102,332,0.00083,2400000
-1.02041,27.551,209,0.0005225000000000001,2400000
-1.02041,29.5918,209,0.0005225,2400000
-1.02041,31.6327,142,0.000355,2400000
-1.02041,33.6735,136,0.00034,2400000
-1.02041,35.7143,130,0.000325,2400000
-1.02041,37.7551,104,0.00026,2400000
-1.02041,39.7959,109,0.0002725,2400000
-1.02041,41.8367,93,0.0002325,2400000
-1.02041,43.8776,119,0.0002975,2400000
-1.02041,45.9184,70,0.000175,2400000
-1.02041,47.9592,64,0.00016,2400000
-1.02041,50.0,62,0.000155,2400000
1.02041,-50.0,65,0.00016250000000000002,2400000
1.02041,-47.9592,79,0.0001975,2400000
1.02041,-45.9184,96,0.00023999999999999998,2400000
1.02041,-43.8776,84,0.00021,2400000
1.02041,-41.8367,90,0.000225,2400000
1.02041,-39.7959,102,0.000255,2400000
1.02041,-37.7551,102,0.000255,2400000
1.02041,-35.7143,101,0.0002525,2400000
1.02041,-33.6735,135,0.0003375,2400000
1.02041,-31.6327,139,0.00034750000000000004,2400000
1.02041,-29.5918,172,0.00043,2400000
1.02041,-27.551,204,0.00051,2400000
1.02041,-25.5102,337,0.0008424999999999999,2400000
1.02041,-23.4694,450,0.001125,2400000
1.02041,-21.4286,178533,0.446333,2400000
1.02041,-19.3878,208679,0.5216975,2400000
1.02041,-17.3469,215796,0.53949,2400000
1.02041,-15.3061,212814,0.532035,2400000
1.02041,-13.2653,191467,0.4786675,2400000
1.02041,-11.2245,510,0.001275,2400000
1.02041,-9.18367,400,0.001,2400000
1.02041,-7.14286,328,0.00082,2400000
1.02041,-5.10204,290,0.000725,2400000
1.02041,-3.06122,334,0.0008349999999999999,2400000
1.02041,-1.02041,266,0.000665,2400000
1.02041,1.02041,288,0.0007199999999999999,2400000
1.02041,3.06122,303,0.0007575,2400000
1.02041,5.10204,289,0.0007224999999999999,2400000
1.02041,7.14286,383,0.0009575,2400000
1.02041,9.18367,351,0.0008775,2400000
1.02041,11.2245,514,0.0012850000000000001,2400000
1.02041,13.2653,190271,0.47567800000000005,2400000
1.02041,15.3061,213228,0.5330695000000001,2400000
1.02041,17.3469,216066,0.540165,2400000
1.02041,19.3878,208473,0.5211825,2400000
1.02041,21.4286,179115,0.44778799999999996,2400000
1.02041,23.4694,458,0.0011450000000000002,2400000
1.02041,25.5102,325,0.0008125000000000001,2400000
1.02041,27.551,198,0.000495,2400000
1.02041,29.5918,191,0.0004775,2400000
1.02041,31.6327,169,0.0004225,2400000
1.02041,33.6735,156,0.00039,2400000
1.02041,35.7143,156,0.00039000000000000005,2400000
1.02041,37.7551,138,0.000345,2400000
1.02041,39.7959,110,0.000275,2400000
1.02041,41.8367,94,0.000235,2400000
1.02041,43.8776,86,0.00021500000000000002,2400000
1.02041,45.9184,76,0.00019,2400000
1.02041,47.9592,62,0.000155,2400000
1.02041,50.0,61,0.0001525,2400000
3.06122,-50.0,60,0.00015000000000000001,2400000
3.06122,-47.9592,70,0.000175,2400000
3.06122,-45.9184,110,0.000275,2400000
3.06122,-43.8776,99,0.0002475,2400000
3.06122,-41.8367,88,0.00022,2400000
3.06122,-39.7959,115,0.0002875,2400000
3.06122,-37.7551,138,0.000345,2400000
3.06122,-35.7143,149,0.0003725,2400000
3.06122,-33.6735,133,0.0003325,2400000
3.06122,-31.6327,162,0.000405,2400000
3.06122,-29.5918,205,0.0005125,2400000
3.06122,-27.551,275,0.0006875,2400000
3.06122,-25.5102,361,0.0009025,2400000
3.06122,-23.4694,182741,0.4568525,2400000
3.06122,-21.4286,207641,0.5191025,2400000
3.06122,-19.3878,214836,0.5370905,2400000
3.06122,-17.3469,217030,0.542575,2400000
3.06122,-15.3061,217155,0.5428879999999999,2400000
3.06122,-13.2653,211075,0.5276875,2400000
3.06122,-11.2245,195597,0.4889925,2400000
3.06122,-9.18367,527,0.0013175,2400000
3.06122,-7.14286,340,0.0008500000000000001,2400000
3.06122,-5.10204,355,0.0008874999999999999,2400000
3.06122,-3.06122,328,0.00082,2400000
3.06122,-1.02041,293,0.0007325000000000001,2400000
3.06122,1.02041,276,0.00069,2400000
3.06122,3.06122,339,0.0008475000000000001,2400000
3.06122,5.10204,309,0.0007725,2400000
3.06122,7.14286,324,0.0008100000000000001,2400000
3.06122,9.18367,423,0.0010575,2400000
3.06122,11.2245,197242,0.493105,2400000
3.06122,13.2653,211871,0.529678,2400000
3.06122,15.3061,216628,0.54157,2400000
3.06122,17.3469,216555,0.5413870000000001,2400000
3.06122,19.3878,214477,0.5361925,2400000
3.06122,21.4286,208136,0.52034,2400000
3.06122,23.4694,183295,0.458237,2400000
3.06122,25.5102,328,0.00082,2400000
3.06122,27.551,252,0.00063,2400000
3.06122,29.5918,184,0.00045999999999999996,2400000
3.06122,31.6327,156,0.00039,2400000
3.06122,33.6735,127,0.00031749999999999997,2400000
3.06122,35.7143,157,0.0003925,2400000
3.06122,37.7551,90,0.000225,2400000
3.06122,39.7959,119,0.0002975,2400000
3.06122,41.8367,78,0.000195,2400000
3.06122,43.8776,93,0.0002325,2400000
3.06122,45.9184,86,0.00021500000000000002,2400000
3.06122,47.9592,87,0.0002175,2400000
3.06122,50.0,61,0.0001525,2400000
5.10204,-50.0,78,0.000195,2400000
5.10204,-47.9592,58,0.000145,2400000
5.10204,-45.9184,80,0.00019999999999999998,2400000
5.10204,-43.8776,82,0.000205,2400000
5.10204,-41.8367,94,0.00023500000000000002,2400000
5.10204,-39.7959,109,0.0002725,2400000
5.10204,-37.7551,95,0.0002375,2400000
5.10204,-35.7143,129,0.0003225,2400000
5.10204,-33.6735,122,0.000305,2400000
5.10204,-31.6327,134,0.000335,2400000
5.10204,-29.5918,160,0.0004,2400000
5.10204,-27.551,300,0.00075,2400000
5.10204,-25.5102,165425,0.4135625,2400000
5.10204,-23.4694,203944,0.50986,2400000
5.10204,-21.4286,213610,0.5340250000000001,2400000
5.10204,-19.3878,217770,0.5444245,2400000
5.10204,-17.3469,218652,0.5466300000000001,2400000
5.10204,-15.3061,218130,0.5453255,2400000
5.10204,-13.2653,217167,0.5429175,2400000
5.10204,-11.2245,210106,0.525265,2400000
5.10204,-9.18367,186031,0.46507750000000003,2400000
5.10204,-7.14286,337,0.0008424999999999999,2400000
5.10204,-5.10204,332,0.00083,2400000
5.10204,-3.06122,331,0.0008275,2400000
5.10204,-1.02041,295,0.0007375,2400000
5.10204,1.02041,313,0.0007825,2400000
5.10204,3.06122,279,0.0006975,2400000
5.10204,5.10204,335,0.0008375,2400000
5.10204,7.14286,410,0.001025,2400000
5.10204,9.18367,186766,0.46691550000000004,2400000
5.10204,11.2245,209915,0.524787,2400000
5.10204,13.2653,215550,0.5388755,2400000
5.10204,15.3061,217179,0.542948,2400000
5.10204,17.3469,218298,0.545745,2400000
5.10204,19.3878,217552,0.54388,2400000
5.10204,21.4286,214540,0.53635,2400000
5.10204,23.4694,203987,0.5099670000000001,2400000
5.10204,25.5102,164934,0.4123355,2400000
5.10204,27.551,304,0.0007599999999999999,2400000
5.10204,29.5918,205,0.0005125,2400000
5.10204,31.6327,191,0.0004775,2400000
5.10204,33.6735,153,0.0003825,2400000
5.10204,35.7143,120,0.00030000000000000003,2400000
5.10204,37.7551,113,0.0002825,2400000
5.10204,39.7959,85,0.00021250000000000002,2400000
5.10204,41.8367,100,0.00025,2400000
5.10204,43.8776,79,0.0001975,2400000
5.10204,45.9184,59,0.0001475,2400000
5.10204,47.9592,70,0.000175,2400000
5.10204,50.0,64,0.00015999999999999999,2400000
7.14286,-50.0,50,0.000125,2400000
7.14286,-47.9592,84,0.00021,2400000
7.14286,-45.9184,101,0.0002525,2400000
7.14286,-43.8776,63,0.0001575,2400000
7.14286,-41.8367,114,0.000285,2400000
7.14286,-39.7959,121,0.00030250000000000003,2400000
7.14286,-37.7551,109,0.0002725,2400000
7.14286,-35.7143,115,0.0002875,2400000
7.14286,-33.6735,121,0.00030250000000000003,2400000
7.14286,-31.6327,168,0.00042,2400000
7.14286,-29.5918,193,0.00048249999999999996,2400000
7.14286,-27.551,332,0.00083,2400000
7.14286,-25.5102,189448,0.4736195,2400000
7.14286,-23.4694,210974,0.527435,2400000
7.14286,-21.4286,215856,0.53964,2400000
7.14286,-19.3878,218397,0.545992,2400000
7.14286,-17.3469,219291,0.548227,2400000
7.14286,-15.3061,218454,0.546135,2400000
7.14286,-13.2653,218859,0.5471475,2400000
7.14286,-11.2245,214965,0.5374125,2400000
7.14286,-9.18367,204196,0.51049,2400000
7.14286,-7.14286,500,0.00125,2400000
7.14286,-5.10204,411,0.0010275,2400000
7.14286,-3.06122,334,0.000835,2400000
7.14286,-1.02041,368,0.00092,2400000
7.14286,1.02041,425,0.0010625,2400000
7.14286,3.06122,307,0.0007675,2400000
7.14286,5.10204,414,0.001035,2400000
7.14286,7.14286,522,0.001305,2400000
7.14286,9.18367,203693,0.509233,2400000
7.14286,11.2245,214625,0.536563,2400000
7.14286,13.2653,217726,0.5443155,2400000
7.14286,15.3061,219050,0.5476245000000001,2400000
7.14286,17.3469,218881,0.547203,2400000
7.14286,19.3878,218291,0.5457270000000001,2400000
7.14286,21.4286,217309,0.5432720000000001,2400000
7.14286,23.4694,210944,0.5273599999999999,2400000
7.14286,25.5102,189340,0.47335,2400000
7.14286,27.551,261,0.0006525,2400000
7.14286,29.5918,189,0.0004725,2400000
7.14286,31.6327,152,0.00037999999999999997,2400000
7.14286,33.6735,122,0.000305,2400000
7.14286,35.7143,116,0.00029,2400000
7.14286,37.7551,108,0.00027,2400000
7.14286,39.7959,115,0.0002875,2400000
7.14286,41.8367,86,0.000215,2400000
7.14286,43.8776,76,0.00019,2400000
7.14286,45.9184,64,0.00016,2400000
7.14286,47.9592,86,0.00021500000000000002,2400000
7.14286,50.0,65,0.0001625,2400000
9.18367,-50.0,59,0.0001475,2400000
9.18367,-47.9592,91,0.0002275,2400000
9.18367,-45.9184,84,0.00021,2400000
9.18367,-43.8776,75,0.0001875,2400000
9.18367,-41.8367,90,0.000225,2400000
9.18367,-39.7959,102,0.000255,2400000
9.18367,-37.7551,95,0.0002375,2400000
9.18367,-35.7143,115,0.0002875,2400000
9.18367,-33.6735,119,0.0002975,2400000
9.18367,-31.6327,160,0.0004,2400000
9.18367,-29.5918,239,0.0005974999999999999,2400000
9.18367,-27.551,346,0.000865,2400000
9.18367,-25.5102,196431,0.4910775,2400000
9.18367,-23.4694,212506,0.531265,2400000
9.18367,-21.4286,216365,0.5409124999999999,2400000
9.18367,-19.3878,218226,0.545565,2400000
9.18367,-17.3469,219140,0.5478500000000001,2400000
9.18367,-15.3061,219891,0.5497275,2400000
9.18367,-13.2653,218513,0.5462825,2400000
9.18367,-11.2245,216754,0.5418845,2400000
9.18367,-9.18367,210646,0.526615,2400000
9.18367,-7.14286,664,0.00166,2400000
9.18367,-5.10204,446,0.001115,2400000
9.18367,-3.06122,437,0.0010925,2400000
9.18367,-1.02041,392,0.00098,2400000
9.18367,1.02041,453,0.0011325,2400000
9.18367,3.06122,448,0.0011200000000000001,2400000
9.18367,5.10204,410,0.001025,2400000
9.18367,7.14286,544,0.00136,2400000
9.18367,9.18367,210073,0.5251825,2400000
9.18367,11.2245,216368,0.5409195,2400000
9.18367,13.2653,218697,0.546742,2400000
9.18367,15.3061,219463,0.5486575,2400000
9.18367,17.3469,218688,0.5467204999999999,2400000
9.18367,19.3878,218296,0.54574,2400000
9.18367,21.4286,216970,0.542425,2400000
9.18367,23.4694,212759,0.5318975,2400000
9.18367,25.5102,196053,0.49013199999999996,2400000
9.18367,27.551,350,0.0008750000000000001,2400000
9.18367,29.5918,230,0.000575,2400000
9.18367,31.6327,167,0.0004175,2400000
9.18367,33.6735,124,0.00031,2400000
9.18367,35.7143,132,0.00033,2400000
9.18367,37.7551,112,0.00028000000000000003,2400000
9.18367,39.7959,76,0.00019,2400000
9.18367,41.8367,81,0.0002025,2400000
9.18367,43.8776,82,0.000205,2400000
9.18367,45.9184,76,0.00019,2400000
9.18367,47.9592,89,0.00022250000000000001,2400000
9.18367,50.0,60,0.00015000000000000001,2400000
11.2245,-50.0,67,0.0001675,2400000
13.2653,11.2245,216817,0.5420425000000001,2400000
13.2653,13.2653,218524,0.5463100000000001,2400000
13.2653,15.3061,217665,0.544162,2400000
13.2653,17.3469,218764,0.5469095,2400000
13.2653,19.3878,217084,0.5427095,2400000
13.2653,21.4286,214401,0.5360024999999999,2400000
13.2653,23.4694,209187,0.5229670000000001,2400000
13.2653,25.5102,184953,0.46238250000000003,2400000
13.2653,27.551,324,0.0008100000000000001,2400000
13.2653,29.5918,186,0.00046499999999999997,2400000
13.2653,31.6327,145,0.00036250000000000003,2400000
13.2653,33.6735,114,0.000285,2400000
13.2653,35.7143,122,0.000305,2400000
13.2653,37.7551,58,0.000145,2400000
13.2653,39.7959,111,0.0002775,2400000
13.2653,41.8367,79,0.0001975,2400000
13.2653,43.8776,64,0.00016,2400000
13.2653,45.9184,57,0.0001425,2400000
13.2653,47.9592,60,0.00015,2400000
13.2653,50.0,71,0.0001775,2400000
15.3061,-50.0,62,0.000155,2400000
15.3061,-47.9592,59,0.0001475,2400000
15.3061,-45.9184,91,0.0002275,2400000
15.3061,-43.8776,87,0.0002175,2400000
15.3061,-41.8367,80,0.0002,2400000
15.3061,-39.7959,82,0.000205,2400000
15.3061,-37.7551,103,0.0002575,2400000
15.3061,-35.7143,104,0.00026,2400000
15.3061,-33.6735,104,0.00026000000000000003,2400000
15.3061,-31.6327,137,0.00034250000000000003,2400000
15.3061,-29.5918,160,0.0004,2400000
15.3061,-27.551,230,0.000575,2400000
15.3061,-25.5102,146176,0.3654395,2400000
15.3061,-23.4694,197870,0.49467550000000005,2400000
15.3061,-21.4286,209723,0.5243074999999999,2400000
15.3061,-19.3878,214484,0.5362100000000001,2400000
15.3061,-17.3469,215599,0.5389974999999999,2400000
15.3061,-15.3061,215529,0.5388229999999999,2400000
15.3061,-13.2653,215805,0.5395125000000001,2400000
15.3061,-11.2245,215286,0.5382155,2400000
15.3061,-9.18367,215953,0.539882,2400000
15.3061,-7.14286,217344,0.5433595,2400000
15.3061,-5.10204,217574,0.5439345,2400000
15.3061,-3.06122,218097,0.5452425,2400000
15.3061,-1.02041,217397,0.543492,2400000
15.3061,1.02041,217724,0.5443104999999999,2400000
15.3061,3.06122,217919,0.5447974999999999,2400000
15.3061,5.10204,217644,0.5441095,2400000
15.3061,7.14286,216388,0.5409695,2400000
15.3061,9.18367,215442,0.538605,2400000
15.3061,11.2245,215180,0.5379505,2400000
15.3061,13.2653,215423,0.5385575,2400000
15.3061,15.3061,215600,0.539,2400000
15.3061,17.3469,215388,0.5384705,2400000
15.3061,19.3878,214265,0.5356625,2400000
15.3061,21.4286,210323,0.525807,2400000
15.3061,23.4694,197160,0.49289999999999995,2400000
15.3061,25.5102,146520,0.36629950000000006,2400000
15.3061,27.551,239,0.0005974999999999999,2400000
15.3061,29.5918,163,0.0004075,2400000
15.3061,31.6327,116,0.00029,2400000
15.3061,33.6735,121,0.0003025,2400000
15.3061,35.7143,109,0.0002725,2400000
15.3061,37.7551,102,0.000255,2400000
15.3061,39.7959,110,0.000275,2400000
15.3061,41.8367,69,0.0001725,2400000
15.3061,43.8776,82,0.00020500000000000002,2400000
15.3061,45.9184,96,0.00023999999999999998,2400000
15.3061,47.9592,78,0.00019500000000000002,2400000
15.3061,50.0,74,0.000185,2400000
17.3469,-50.0,74,0.000185,2400000
17.3469,-47.9592,72,0.00017999999999999998,2400000
17.3469,-45.9184,71,0.0001775,2400000
17.3469,-43.8776,78,0.000195,2400000
17.3469,-41.8367,75,0.0001875,2400000
17.3469,-39.7959,92,0.00023,2400000
17.3469,-37.7551,92,0.00023,2400000
17.3469,-35.7143,122,0.00030500000000000004,2400000
17.3469,-33.6735,119,0.0002975,2400000
19.3878,27.551,165,0.0004125,2400000
19.3878,29.5918,174,0.000435,2400000
19.3878,31.6327,109,0.0002725,2400000
19.3878,33.6735,118,0.000295,2400000
19.3878,35.7143,98,0.000245,2400000
19.3878,37.7551,93,0.0002325,2400000
19.3878,39.7959,100,0.00025,2400000
19.3878,41.8367,59,0.0001475,2400000
19.3878,43.8776,77,0.00019250000000000002,2400000
19.3878,45.9184,97,0.0002425,2400000
19.3878,47.9592,62,0.000155,2400000
19.3878,50.0,59,0.0001475,2400000
21.4286,-50.0,63,0.0001575,2400000
21.4286,-47.9592,38,9.5e-05,2400000
21.4286,-45.9184,76,0.00019,2400000
21.4286,-43.8776,62,0.000155,2400000
21.4286,-41.8367,83,0.0002075,2400000
21.4286,-39.7959,74,0.000185,2400000
21.4286,-37.7551,67,0.0001675,2400000
21.4286,-35.7143,97,0.0002425,2400000
21.4286,-33.6735,128,0.00031999999999999997,2400000
21.4286,-31.6327,97,0.0002425,2400000
21.4286,-29.5918,162,0.000405,2400000
21.4286,-27.551,97,0.00024249999999999999,2400000
21.4286,-25.5102,185,0.00046249999999999997,2400000
21.4286,-23.4694,193,0.0004825,2400000
21.4286,-21.4286,161,0.0004025,2400000
21.4286,-19.3878,306,0.0007650000000000001,2400000
21.4286,-17.3469,284,0.00071,2400000
21.4286,-15.3061,294,0.000735,2400000
21.4286,-13.2653,356,0.00089,2400000
21.4286,-11.2245,440,0.0010999999999999998,2400000
21.4286,-9.18367,184497,0.46124200000000004,2400000
21.4286,-7.14286,209343,0.523357,2400000
21.4286,-5.10204,216352,0.5408805,2400000
21.4286,-3.06122,218218,0.5455450000000001,2400000
21.4286,-1.02041,218589,0.5464725,2400000
21.4286,1.02041,218672,0.5466805,2400000
21.4286,3.06122,218092,0.5452295,2400000
21.4286,5.10204,216257,0.5406425,2400000
21.4286,7.14286,210467,0.5261675,2400000
21.4286,9.18367,184740,0.46185000000000004,2400000
21.4286,11.2245,310,0.000775,2400000
21.4286,13.2653,317,0.0007925,2400000
21.4286,15.3061,240,0.0006000000000000001,2400000
21.4286,17.3469,234,0.0005849999999999999,2400000
21.4286,19.3878,316,0.00079,2400000
21.4286,21.4286,225,0.0005625000000000001,2400000
21.4286,23.4694,218,0.000545,2400000
21.4286,25.5102,169,0.0004225,2400000
21.4286,27.551,135,0.0003375,2400000
21.4286,29.5918,139,0.0003475,2400000
21.4286,31.6327,111,0.0002775,2400000
21.4286,33.6735,116,0.00029,2400000
21.4286,35.7143,75,0.0001875,2400000
21.4286,37.7551,82,0.000205,2400000
21.4286,39.7959,97,0.00024249999999999999,2400000
21.4286,41.8367,109,0.0002725,2400000
21.4286,43.8776,76,0.00019,2400000
21.4286,45.9184,73,0.0001825,2400000
21.4286,47.9592,45,0.00011250000000000001,2400000
21.4286,50.0,71,0.0001775,2400000
23.4694,-50.0,68,0.00017,2400000
23.4694,-47.9592,66,0.000165,2400000
23.4694,-45.9184,73,0.0001825,2400000
23.4694,-43.8776,82,0.000205,2400000
23.4694,-41.8367,115,0.0002875,2400000
23.4694,-39.7959,70,0.000175,2400000
23.4694,-37.7551,75,0.0001875,2400000
23.4694,-35.7143,82,0.000205,2400000
23.4694,-33.6735,95,0.0002375,2400000
23.4694,-31.6327,123,0.0003075,2400000
23.4694,-29.5918,122,0.000305,2400000
23.4694,-27.551,114,0.000285,2400000
23.4694,-25.5102,106,0.000265,2400000
23.4694,-23.4694,165,0.0004125,2400000
23.4694,-21.4286,178,0.000445,2400000
23.4694,-19.3878,157,0.00039250000000000005,2400000
23.4694,-17.3469,200,0.0005,2400000
23.4694,-15.3061,217,0.0005425,2400000
23.4694,-13.2653,277,0.0006925,2400000
23.4694,-11.2245,299,0.0007475,2400000
23.4694,-9.18367,154586,0.386465,2400000
23.4694,-7.14286,202652,0.5066295,2400000
23.4694,-5.10204,212667,0.5316675,2400000
23.4694,-3.06122,216401,0.5410025,2400000
23.4694,-1.02041,218213,0.5455325,2400000
23.4694,1.02041,217929,0.5448225,2400000
23.4694,3.06122,217310,0.5432750000000001,2400000
23.4694,5.10204,213105,0.5327625,2400000
23.4694,7.14286,201788,0.50447,2400000
23.4694,9.18367,154192,0.3854805,2400000
23.4694,11.2245,270,0.000675,2400000
23.4694,13.2653,245,0.0006125,2400000
23.4694,15.3061,276,0.00069,2400000
23.4694,17.3469,170,0.000425,2400000
23.4694,19.3878,200,0.0005,2400000
23.4694,21.4286,182,0.000455,2400000
23.4694,23.4694,151,0.0003775,2400000
23.4694,25.5102,136,0.00034,2400000
23.4694,27.551,141,0.0003525,2400000
23.4694,29.5918,118,0.000295,2400000
23.4694,31.6327,113,0.0002825,2400000
23.4694,33.6735,108,0.00027,2400000
23.4694,35.7143,61,0.0001525,2400000
23.4694,37.7551,74,0.000185,2400000
23.4694,39.7959,73,0.0001825,2400000
23.4694,41.8367,94,0.000235,2400000
23.4694,43.8776,81,0.0002025,2400000
23.4694,45.9184,73,0.0001825,2400000
23.4694,47.9592,81,0.00020250000000000002,2400000
23.4694,50.0,50,0.000125,2400000
25.5102,-50.0,44,0.00011,2400000
25.5102,-47.9592,66,0.000165,2400000
25.5102,-45.9184,59,0.0001475,2400000
25.5102,-43.8776,62,0.000155,2400000
25.5102,-41.8367,81,0.0002025,2400000
25.5102,-39.7959,69,0.00017250000000000002,2400000
25.5102,-37.7551,91,0.0002275,2400000
25.5102,-35.7143,103,0.0002575,2400000
25.5102,-33.6735,78,0.000195,2400000
25.5102,-31.6327,127,0.00031749999999999997,2400000
25.5102,-29.5918,110,0.000275,2400000
25.5102,-27.551,106,0.000265,2400000
25.5102,-25.5102,111,0.0002775,2400000
25.5102,-23.4694,132,0.00033,2400000
25.5102,-21.4286,137,0.00034250000000000003,2400000
25.5102,-19.3878,151,0.0003775,2400000
25.5102,-17.3469,174,0.000435,2400000
25.5102,-15.3061,204,0.00051,2400000
25.5102,-13.2653,203,0.0005075,2400000
25.5102,-11.2245,295,0.0007375,2400000
25.5102,-9.18367,295,0.0007375,2400000
25.5102,-7.14286,182587,0.456468,2400000
25.5102,-5.10204,204740,0.5118505,2400000
25.5102,-3.06122,211881,0.5297029999999999,2400000
25.5102,-1.02041,213987,0.534968,2400000
25.5102,1.02041,213779,0.5344475000000001,2400000
25.5102,3.06122,212419,0.5310475,2400000
25.5102,5.10204,204772,0.5119305,2400000
25.5102,7.14286,181436,0.45359049999999995,2400000
25.5102,9.18367,275,0.0006875,2400000
25.5102,11.2245,272,0.00068,2400000
25.5102,13.2653,201,0.0005025,2400000
25.5102,15.3061,210,0.000525,2400000
25.5102,17.3469,153,0.0003825,2400000
25.5102,19.3878,137,0.00034250000000000003,2400000
25.5102,21.4286,125,0.0003125,2400000
25.5102,23.4694,163,0.0004075,2400000
25.5102,25.5102,129,0.0003225,2400000
25.5102,27.551,101,0.0002525,2400000
25.5102,29.5918,138,0.000345,2400000
25.5102,31.6327,99,0.0002475,2400000
25.5102,33.6735,92,0.00022999999999999998,2400000
25.5102,35.7143,97,0.0002425,2400000
25.5102,37.7551,83,0.0002075,2400000
25.5102,39.7959,61,0.0001525,2400000
25.5102,41.8367,60,0.00015000000000000001,2400000
25.5102,43.8776,59,0.0001475,2400000
25.5102,45.9184,78,0.000195,2400000
25.5102,47.9592,46,0.000115,2400000
25.5102,50.0,64,0.00016,2400000
27.551,-50.0,51,0.0001275,2400000
27.551,-47.9592,62,0.000155,2400000
27.551,-45.9184,83,0.0002075,2400000
27.551,-43.8776,69,0.00017250000000000002,2400000
27.551,-41.8367,90,0.00022500000000000002,2400000
27.551,-39.7959,82,0.00020500000000000002,2400000
27.551,-37.7551,76,0.00019,2400000
27.551,-35.7143,73,0.0001825,2400000
27.551,-33.6735,97,0.00024249999999999999,2400000
27.551,-31.6327,60,0.00015000000000000001,2400000
27.551,-29.5918,100,0.00025,2400000
27.551,-27.551,98,0.000245,2400000
27.551,-25.5102,133,0.0003325,2400000
27.551,-23.4694,117,0.0002925,2400000
27.551,-21.4286,133,0.0003325,2400000
27.551,-19.3878,124,0.00031,2400000
27.551,-17.3469,186,0.000465,2400000
27.551,-15.3061,136,0.00034,2400000
27.551,-13.2653,198,0.000495,2400000
27.551,-11.2245,192,0.00048,2400000
27.551,-9.18367,262,0.000655,2400000
27.551,-7.14286,341,0.0008525000000000001,2400000
27.551,-5.10204,177487,0.44371700000000003,2400000
27.551,-3.06122,197129,0.4928225,2400000
27.551,-1.02041,203258,0.5081445,2400000
27.551,1.02041,203183,0.5079575,2400000
27.551,3.06122,197636,0.49409000000000003,2400000
27.551,5.10204,177776,0.44444,2400000
27.551,7.14286,378,0.000945,2400000
27.551,9.18367,251,0.0006275,2400000
27.551,11.2245,200,0.0005,2400000
27.551,13.2653,185,0.0004625,2400000
27.551,15.3061,154,0.00038500000000000003,2400000
27.551,17.3469,139,0.00034750000000000004,2400000
27.551,19.3878,151,0.00037749999999999996,2400000
27.551,21.4286,133,0.0003325,2400000
27.551,23.4694,129,0.0003225,2400000
27.551,25.5102,136,0.00033999999999999997,2400000
27.551,27.551,96,0.00024,2400000
27.551,29.5918,83,0.0002075,2400000
27.551,31.6327,99,0.0002475,2400000
27.551,33.6735,80,0.0002,2400000
27.551,35.7143,87,0.00021749999999999997,2400000
27.551,37.7551,69,0.0001725,2400000
27.551,39.7959,61,0.00015250000000000002,2400000
27.551,41.8367,62,0.000155,2400000
27.551,43.8776,62,0.000155,2400000
27.551,45.9184,60,0.00015000000000000001,2400000
27.551,47.9592,57,0.0001425,2400000
27.551,50.0,54,0.000135,2400000
29.5918,-50.0,52,0.00013000000000000002,2400000
29.5918,-47.9592,54,0.000135,2400000
29.5918,-45.9184,70,0.000175,2400000
29.5918,-43.8776,68,0.00017,2400000
29.5918,-41.8367,79,0.00019749999999999998,2400000
29.5918,-39.7959,55,0.0001375,2400000
29.5918,-37.7551,74,0.000185,2400000
29.5918,-35.7143,74,0.000185,2400000
29.5918,-33.6735,85,0.00021250000000000002,2400000
29.5918,-31.6327,98,0.000245,2400000
29.5918,-29.5918,88,0.00021999999999999998,2400000
29.5918,-27.551,87,0.0002175,2400000
29.5918,-25.5102,126,0.000315,2400000
29.5918,-23.4694,115,0.0002875,2400000
29.5918,-21.4286,131,0.0003275,2400000
29.5918,-19.3878,140,0.00035,2400000
29.5918,-17.3469,146,0.000365,2400000
29.5918,-15.3061,135,0.0003375,2400000
29.5918,-13.2653,138,0.000345,2400000
29.5918,-11.2245,153,0.00038250000000000003,2400000
29.5918,-9.18367,188,0.00047,2400000
29.5918,-7.14286,202,0.000505,2400000
29.5918,-5.10204,240,0.0006,2400000
29.5918,-3.06122,344,0.00086,2400000
29.5918,-1.02041,153799,0.384497,2400000
29.5918,1.02041,153498,0.383745,2400000
29.5918,3.06122,367,0.0009175,2400000
29.5918,5.10204,262,0.000655,2400000
29.5918,7.14286,252,0.00063,2400000
29.5918,9.18367,173,0.0004325,2400000
29.5918,11.2245,150,0.000375,2400000
29.5918,13.2653,138,0.000345,2400000
29.5918,15.3061,109,0.0002725,2400000
29.5918,17.3469,117,0.0002925,2400000
29.5918,19.3878,145,0.0003625,2400000
29.5918,21.4286,123,0.0003075,2400000
29.5918,23.4694,110,0.000275,2400000
29.5918,25.5102,107,0.0002675,2400000
29.5918,27.551,102,0.000255,2400000
29.5918,29.5918,110,0.000275,2400000
29.5918,31.6327,90,0.000225,2400000
29.5918,33.6735,66,0.000165,2400000
29.5918,35.7143,93,0.00023249999999999999,2400000
29.5918,37.7551,66,0.000165,2400000
29.5918,39.7959,80,0.0002,2400000
29.5918,41.8367,55,0.0001375,2400000
29.5918,43.8776,62,0.000155,2400000
29.5918,45.9184,53,0.0001325,2400000
29.5918,47.9592,75,0.0001875,2400000
29.5918,50.0,52,0.00013000000000000002,2400000
31.6327,-50.0,47,0.0001175,2400000
31.6327,-47.9592,50,0.000125,2400000
31.6327,-45.9184,65,0.0001625,2400000
31.6327,-43.8776,59,0.0001475,2400000
31.6327,-41.8367,72,0.00018,2400000
31.6327,-39.7959,70,0.000175,2400000
31.6327,-37.7551,70,0.000175,2400000
31.6327,-35.7143,78,0.00019500000000000002,2400000
31.6327,-33.6735,55,0.0001375,2400000
31.6327,-31.6327,97,0.0002425,2400000
31.6327,-29.5918,79,0.00019749999999999998,2400000
31.6327,-27.551,104,0.00026,2400000
31.6327,-25.5102,76,0.00019,2400000
31.6327,-23.4694,101,0.0002525,2400000
31.6327,-21.4286,127,0.00031749999999999997,2400000
31.6327,-19.3878,89,0.0002225,2400000
31.6327,-17.3469,133,0.0003325,2400000
31.6327,-15.3061,124,0.00031,2400000
31.6327,-13.2653,140,0.00035,2400000
31.6327,-11.2245,158,0.000395,2400000
31.6327,-9.18367,171,0.0004275,2400000
31.6327,-7.14286,162,0.000405,2400000
31.6327,-5.10204,195,0.0004875,2400000
31.6327,-3.06122,225,0.0005625000000000001,2400000
31.6327,-1.02041,189,0.0004725,2400000
31.6327,1.02041,221,0.0005525,2400000
31.6327,3.06122,239,0.0005974999999999999,2400000
31.6327,5.10204,210,0.000525,2400000
31.6327,7.14286,190,0.00047500000000000005,2400000
31.6327,9.18367,175,0.0004375,2400000
31.6327,11.2245,132,0.00033,2400000
31.6327,13.2653,132,0.00033,2400000
31.6327,15.3061,137,0.00034250000000000003,2400000
31.6327,17.3469,121,0.0003025,2400000
31.6327,19.3878,116,0.00029,2400000
31.6327,21.4286,119,0.0002975,2400000
31.6327,23.4694,134,0.000335,2400000
31.6327,25.5102,110,0.000275,2400000
31.6327,27.551,76,0.00019,2400000
31.6327,29.5918,88,0.00022,2400000
31.6327,31.6327,95,0.0002375,2400000
31.6327,33.6735,65,0.00016250000000000002,2400000
31.6327,35.7143,56,0.00014,2400000
31.6327,37.7551,92,0.00023,2400000
31.6327,39.7959,64,0.00016,2400000
31.6327,41.8367,59,0.0001475,2400000
31.6327,43.8776,79,0.0001975,2400000
31.6327,45.9184,66,0.000165,2400000
31.6327,47.9592,44,0.00011,2400000
31.6327,50.0,46,0.000115,2400000
33.6735,-50.0,42,0.000105,2400000
33.6735,-47.9592,47,0.00011750000000000001,2400000
33.6735,-45.9184,63,0.0001575,2400000
33.6735,-43.8776,62,0.000155,2400000
33.6735,-41.8367,61,0.00015250000000000002,2400000
33.6735,-39.7959,67,0.0001675,2400000
33.6735,-37.7551,64,0.00015999999999999999,2400000
33.6735,-35.7143,95,0.0002375,2400000
33.6735,-33.6735,70,0.000175,2400000
33.6735,-31.6327,73,0.0001825,2400000
33.6735,-29.5918,89,0.00022250000000000001,2400000
33.6735,-27.551,77,0.00019250000000000002,2400000
33.6735,-25.5102,101,0.0002525,2400000
33.6735,-23.4694,121,0.00030250000000000003,2400000
33.6735,-21.4286,111,0.00027749999999999997,2400000
33.6735,-19.3878,97,0.0002425,2400000
33.6735,-17.3469,120,0.00030000000000000003,2400000
33.6735,-15.3061,115,0.0002875,2400000
33.6735,-13.2653,144,0.00035999999999999997,2400000
33.6735,-11.2245,137,0.00034250000000000003,2400000
33.6735,-9.18367,159,0.0003975,2400000
33.6735,-7.14286,142,0.000355,2400000
33.6735,-5.10204,178,0.000445,2400000
33.6735,-3.06122,167,0.0004175,2400000
33.6735,-1.02041,174,0.00043500000000000006,2400000
33.6735,1.02041,168,0.00042,2400000
33.6735,3.06122,155,0.00038750000000000004,2400000
33.6735,5.10204,156,0.00039,2400000
33.6735,7.14286,158,0.000395,2400000
33.6735,9.18367,147,0.0003675,2400000
33.6735,11.2245,131,0.0003275,2400000
33.6735,13.2653,121,0.0003025,2400000
33.6735,15.3061,99,0.0002475,2400000
33.6735,17.3469,116,0.00029,2400000
33.6735,19.3878,105,0.00026250000000000004,2400000
33.6735,21.4286,102,0.000255,2400000
33.6735,23.4694,88,0.00021999999999999998,2400000
33.6735,25.5102,99,0.0002475,2400000
33.6735,27.551,74,0.000185,2400000
33.6735,29.5918,69,0.0001725,2400000
33.6735,31.6327,81,0.00020250000000000002,2400000
33.6735,33.6735,84,0.00021,2400000
33.6735,35.7143,81,0.0002025,2400000
33.6735,37.7551,68,0.00017,2400000
33.6735,39.7959,70,0.000175,2400000
33.6735,41.8367,65,0.0001625,2400000
33.6735,43.8776,71,0.0001775,2400000
33.6735,45.9184,56,0.00014000000000000001,2400000
33.6735,47.9592,53,0.0001325,2400000
33.6735,50.0,72,0.00018,2400000
35.7143,-50.0,27,6.75e-05,2400000
35.7143,-47.9592,35,8.750000000000001e-05,2400000
35.7143,-45.9184,54,0.000135,2400000
35.7143,-43.8776,55,0.00013749999999999998,2400000
35.7143,-41.8367,68,0.00017,2400000
35.7143,-39.7959,75,0.0001875,2400000
35.7143,-37.7551,65,0.0001625,2400000
35.7143,-35.7143,72,0.00017999999999999998,2400000
35.7143,-33.6735,79,0.00019750000000000003,2400000
35.7143,-31.6327,65,0.0001625,2400000
35.7143,-29.5918,83,0.0002075,2400000
35.7143,-27.551,90,0.000225,2400000
35.7143,-25.5102,87,0.00021750000000000003,2400000
35.7143,-23.4694,114,0.000285,2400000
35.7143,-21.4286,78,0.00019500000000000002,2400000
35.7143,-19.3878,84,0.00021,2400000
35.7143,-17.3469,113,0.0002825,2400000
35.7143,-15.3061,85,0.00021250000000000002,2400000
35.7143,-13.2653,92,0.00023,2400000
35.7143,-11.2245,104,0.00026,2400000
35.7143,-9.18367,127,0.00031749999999999997,2400000
35.7143,-7.14286,125,0.0003125,2400000
35.7143,-5.10204,114,0.000285,2400000
35.7143,-3.06122,116,0.00029,2400000
35.7143,-1.02041,134,0.000335,2400000
35.7143,1.02041,145,0.0003625,2400000
35.7143,3.06122,126,0.000315,2400000
35.7143,5.10204,147,0.0003675,2400000
35.7143,7.14286,124,0.00031,2400000
35.7143,9.18367,112,0.00028000000000000003,2400000
35.7143,11.2245,119,0.00029749999999999997,2400000
35.7143,13.2653,98,0.000245,2400000
35.7143,15.3061,97,0.00024249999999999999,2400000
35.7143,17.3469,95,0.0002375,2400000
35.7143,19.3878,106,0.000265,2400000
35.7143,21.4286,92,0.00023,2400000
35.7143,23.4694,94,0.00023500000000000002,2400000
35.7143,25.5102,82,0.000205,2400000
35.7143,27.551,66,0.000165,2400000
35.7143,29.5918,79,0.0001975,2400000
35.7143,31.6327,65,0.0001625,2400000
35.7143,33.6735,67,0.0001675,2400000
35.7143,35.7143,67,0.0001675,2400000
35.7143,37.7551,70,0.000175,2400000
35.7143,39.7959,46,0.000115,2400000
35.7143,41.8367,79,0.0001975,2400000
35.7143,43.8776,48,0.00012,2400000
35.7143,45.9184,64,0.00016,2400000
35.7143,47.9592,49,0.0001225,2400000
35.7143,50.0,42,0.00010499999999999999,2400000
37.7551,-50.0,46,0.000115,2400000
37.7551,-47.9592,54,0.000135,2400000
37.7551,-45.9184,47,0.00011750000000000001,2400000
37.7551,-43.8776,90,0.000225,2400000
37.7551,-41.8367,53,0.00013250000000000002,2400000
37.7551,-39.7959,68,0.00017,2400000
37.7551,-37.7551,71,0.0001775,2400000
37.7551,-35.7143,58,0.000145,2400000
37.7551,-33.6735,69,0.0001725,2400000
37.7551,-31.6327,95,0.0002375,2400000
37.7551,-29.5918,71,0.00017749999999999998,2400000
37.7551,-27.551,95,0.00023749999999999997,2400000
37.7551,-25.5102,83,0.0002075,2400000
37.7551,-23.4694,76,0.00019,2400000
37.7551,-21.4286,94,0.00023500000000000002,2400000
37.7551,-19.3878,83,0.0002075,2400000
37.7551,-17.3469,74,0.000185,2400000
37.7551,-15.3061,96,0.00024,2400000
37.7551,-13.2653,79,0.0001975,2400000
37.7551,-11.2245,81,0.0002025,2400000
37.7551,-9.18367,99,0.0002475,2400000
37.7551,-7.14286,113,0.0002825,2400000
37.7551,-5.10204,115,0.0002875,2400000
37.7551,-3.06122,90,0.000225,2400000
37.7551,-1.02041,157,0.0003925,2400000
37.7551,1.02041,119,0.0002975,2400000
37.7551,3.06122,96,0.00023999999999999998,2400000
37.7551,5.10204,96,0.00024,2400000
37.7551,7.14286,106,0.000265,2400000
37.7551,9.18367,98,0.000245,2400000
37.7551,11.2245,110,0.000275,2400000
37.7551,13.2653,92,0.00023,2400000
37.7551,15.3061,111,0.0002775,2400000
37.7551,17.3469,106,0.000265,2400000
37.7551,19.3878,79,0.0001975,2400000
37.7551,21.4286,93,0.0002325,2400000
37.7551,23.4694,92,0.00023,2400000
37.7551,25.5102,61,0.0001525,2400000
37.7551,27.551,90,0.000225,2400000
37.7551,29.5918,79,0.00019749999999999998,2400000
37.7551,31.6327,71,0.0001775,2400000
37.7551,33.6735,66,0.000165,2400000
37.7551,35.7143,61,0.0001525,2400000
37.7551,37.7551,67,0.0001675,2400000
37.7551,39.7959,64,0.00016,2400000
37.7551,41.8367,76,0.00019,2400000
37.7551,43.8776,45,0.0001125,2400000
37.7551,45.9184,44,0.00011,2400000
37.7551,47.9592,46,0.00011500000000000002,2400000
37.7551,50.0,47,0.0001175,2400000
39.7959,-50.0,36,8.999999999999999e-05,2400000
39.7959,-47.9592,45,0.0001125,2400000
39.7959,-45.9184,43,0.0001075,2400000
39.7959,-43.8776,41,0.0001025,2400000
39.7959,-41.8367,41,0.0001025,2400000
39.7959,-39.7959,65,0.0001625,2400000
39.7959,-37.7551,71,0.00017749999999999998,2400000
39.7959,-35.7143,52,0.00013000000000000002,2400000
39.7959,-33.6735,48,0.00012,2400000
39.7959,-31.6327,85,0.00021250000000000002,2400000
39.7959,-29.5918,77,0.00019250000000000002,2400000
39.7959,-27.551,82,0.000205,2400000
39.7959,-25.5102,75,0.0001875,2400000
39.7959,-23.4694,94,0.00023500000000000002,2400000
39.7959,-21.4286,86,0.000215,2400000
39.7959,-19.3878,123,0.0003075,2400000
39.7959,-17.3469,79,0.0001975,2400000
39.7959,-15.3061,68,0.00017,2400000
39.7959,-13.2653,86,0.00021500000000000002,2400000
39.7959,-11.2245,85,0.00021250000000000002,2400000
39.7959,-9.18367,106,0.000265,2400000
39.7959,-7.14286,106,0.000265,2400000
39.7959,-5.10204,121,0.00030250000000000003,2400000
39.7959,-3.06122,103,0.00025749999999999997,2400000
39.7959,-1.02041,114,0.000285,2400000
39.7959,1.02041,86,0.00021500000000000002,2400000
39.7959,3.06122,127,0.0003175,2400000
39.7959,5.10204,75,0.0001875,2400000
39.7959,7.14286,102,0.000255,2400000
39.7959,9.18367,122,0.000305,2400000
39.7959,11.2245,91,0.0002275,2400000
39.7959,13.2653,76,0.00019,2400000
39.7959,15.3061,108,0.00027,2400000
39.7959,17.3469,73,0.0001825,2400000
39.7959,19.3878,89,0.00022250000000000001,2400000
39.7959,21.4286,94,0.000235,2400000
39.7959,23.4694,63,0.00015749999999999998,2400000
39.7959,25.5102,82,0.000205,2400000
39.7959,27.551,71,0.0001775,2400000
39.7959,29.5918,63,0.0001575,2400000
39.7959,31.6327,54,0.000135,2400000
39.7959,33.6735,55,0.0001375,2400000
39.7959,35.7143,64,0.00016,2400000
39.7959,37.7551,56,0.00014,2400000
39.7959,39.7959,54,0.000135,2400000
39.7959,41.8367,57,0.0001425,2400000
39.7959,43.8776,62,0.000155,2400000
39.7959,45.9184,50,0.000125,2400000
39.7959,47.9592,50,0.000125,2400000
39.7959,50.0,51,0.0001275,2400000
41.8367,-50.0,29,7.25e-05,2400000
41.8367,-47.9592,32,8e-05,2400000
41.8367,-45.9184,53,0.00013250000000000002,2400000
41.8367,-43.8776,49,0.0001225,2400000
41.8367,-41.8367,56,0.00014,2400000
41.8367,-39.7959,70,0.00017500000000000003,2400000
41.8367,-37.7551,64,0.00016,2400000
41.8367,-35.7143,48,0.00012,2400000
41.8367,-33.6735,56,0.00014,2400000
41.8367,-31.6327,42,0.000105,2400000
41.8367,-29.5918,62,0.000155,2400000
41.8367,-27.551,78,0.00019500000000000002,2400000
41.8367,-25.5102,71,0.00017749999999999998,2400000
41.8367,-23.4694,100,0.00025,2400000
41.8367,-21.4286,82,0.000205,2400000
41.8367,-19.3878,96,0.00024,2400000
41.8367,-17.3469,75,0.0001875,2400000
41.8367,-15.3061,98,0.000245,2400000
41.8367,-13.2653,62,0.000155,2400000
41.8367,-11.2245,100,0.00025,2400000
41.8367,-9.18367,100,0.00025,2400000
41.8367,-7.14286,93,0.0002325,2400000
41.8367,-5.10204,101,0.0002525,2400000
41.8367,-3.06122,95,0.0002375,2400000
41.8367,-1.02041,92,0.00023,2400000
41.8367,1.02041,93,0.0002325,2400000
41.8367,3.06122,72,0.00018,2400000
41.8367,5.10204,79,0.0001975,2400000
41.8367,7.14286,78,0.000195,2400000
41.8367,9.18367,107,0.0002675,2400000
41.8367,11.2245,91,0.0002275,2400000
41.8367,13.2653,81,0.00020250000000000002,2400000
41.8367,15.3061,94,0.000235,2400000
41.8367,17.3469,98,0.000245,2400000
41.8367,19.3878,74,0.000185,2400000
41.8367,21.4286,70,0.000175,2400000
41.8367,23.4694,77,0.00019250000000000002,2400000
41.8367,25.5102,92,0.00023,2400000
41.8367,27.551,60,0.00015000000000000001,2400000
41.8367,29.5918,76,0.00019,2400000
41.8367,31.6327,61,0.0001525,2400000
41.8367,33.6735,70,0.000175,2400000
41.8367,35.7143,66,0.000165,2400000
41.8367,37.7551,48,0.00012,2400000
41.8367,39.7959,64,0.00016,2400000
41.8367,41.8367,49,0.0001225,2400000
41.8367,43.8776,43,0.0001075,2400000
41.8367,45.9184,48,0.00012,2400000
41.8367,47.9592,42,0.00010499999999999999,2400000
41.8367,50.0,44,0.00011,2400000
43.8776,-50.0,28,7.000000000000001e-05,2400000
43.8776,-47.9592,51,0.0001275,2400000
43.8776,-45.9184,44,0.00011,2400000
43.8776,-43.8776,52,0.00013000000000000002,2400000
43.8776,-41.8367,40,9.999999999999999e-05,2400000
43.8776,-39.7959,52,0.00013000000000000002,2400000
43.8776,-37.7551,57,0.0001425,2400000
43.8776,-35.7143,42,0.000105,2400000
43.8776,-33.6735,56,0.00014,2400000
43.8776,-31.6327,51,0.0001275,2400000
43.8776,-29.5918,65,0.0001625,2400000
43.8776,-27.551,83,0.0002075,2400000
43.8776,-25.5102,81,0.0002025,2400000
43.8776,-23.4694,59,0.0001475,2400000
43.8776,-21.4286,97,0.00024249999999999999,2400000
43.8776,-19.3878,73,0.0001825,2400000
43.8776,-17.3469,87,0.0002175,2400000
43.8776,-15.3061,72,0.00018,2400000
43.8776,-13.2653,81,0.0002025,2400000
43.8776,-11.2245,105,0.0002625,2400000
43.8776,-9.18367,81,0.0002025,2400000
43.8776,-7.14286,88,0.00022,2400000
43.8776,-5.10204,78,0.000195,2400000
43.8776,-3.06122,79,0.0001975,2400000
43.8776,-1.02041,69,0.00017250000000000002,2400000
43.8776,1.02041,81,0.0002025,2400000
43.8776,3.06122,81,0.0002025,2400000
43.8776,5.10204,59,0.0001475,2400000
43.8776,7.14286,63,0.0001575,2400000
43.8776,9.18367,68,0.00017,2400000
43.8776,11.2245,86,0.000215,2400000
43.8776,13.2653,76,0.00019,2400000
43.8776,15.3061,88,0.00022,2400000
43.8776,17.3469,84,0.00021,2400000
43.8776,19.3878,66,0.000165,2400000
43.8776,21.4286,87,0.00021750000000000003,2400000
43.8776,23.4694,57,0.0001425,2400000
43.8776,25.5102,94,0.000235,2400000
43.8776,27.551,55,0.0001375,2400000
43.8776,29.5918,53,0.0001325,2400000
43.8776,31.6327,54,0.000135,2400000
43.8776,33.6735,45,0.0001125,2400000
43.8776,35.7143,70,0.000175,2400000
43.8776,37.7551,59,0.0001475,2400000
43.8776,39.7959,63,0.0001575,2400000
43.8776,41.8367,48,0.00012,2400000
43.8776,43.8776,33,8.25e-05,2400000
43.8776,45.9184,43,0.0001075,2400000
43.8776,47.9592,39,9.75e-05,2400000
43.8776,50.0,46,0.000115,2400000
45.9184,-50.0,43,0.0001075,2400000
45.9184,-47.9592,58,0.000145,2400000
45.9184,-45.9184,43,0.00010750000000000001,2400000
45.9184,-43.8776,52,0.00013000000000000002,2400000
45.9184,-41.8367,42,0.000105,2400000
45.9184,-39.7959,49,0.0001225,2400000
45.9184,-37.7551,48,0.00012,2400000
45.9184,-35.7143,43,0.0001075,2400000
45.9184,-33.6735,46,0.000115,2400000
45.9184,-31.6327,48,0.00012,2400000
45.9184,-29.5918,53,0.0001325,2400000
45.9184,-27.551,65,0.0001625,2400000
45.9184,-25.5102,75,0.0001875,2400000
45.9184,-23.4694,54,0.000135,2400000
45.9184,-21.4286,68,0.00017,2400000
45.9184,-19.3878,80,0.00019999999999999998,2400000
45.9184,-17.3469,76,0.00019,2400000
45.9184,-15.3061,67,0.0001675,2400000
45.9184,-13.2653,72,0.00017999999999999998,2400000
45.9184,-11.2245,91,0.0002275,2400000
45.9184,-9.18367,72,0.00017999999999999998,2400000
45.9184,-7.14286,83,0.0002075,2400000
45.9184,-5.10204,108,0.00027,2400000
45.9184,-3.06122,98,0.000245,2400000
45.9184,-1.02041,81,0.0002025,2400000
45.9184,1.02041,79,0.0001975,2400000
45.9184,3.06122,68,0.00017,2400000
45.9184,5.10204,67,0.0001675,2400000
45.9184,7.14286,99,0.0002475,2400000
45.9184,9.18367,103,0.0002575,2400000
45.9184,11.2245,89,0.00022250000000000001,2400000
45.9184,13.2653,60,0.00015000000000000001,2400000
45.9184,15.3061,70,0.000175,2400000
45.9184,17.3469,88,0.00022,2400000
45.9184,19.3878,73,0.0001825,2400000
45.9184,21.4286,75,0.0001875,2400000
45.9184,23.4694,76,0.00018999999999999998,2400000
45.9184,25.5102,61,0.0001525,2400000
45.9184,27.551,60,0.00015000000000000001,2400000
45.9184,29.5918,55,0.0001375,2400000
45.9184,31.6327,95,0.0002375,2400000
45.9184,33.6735,67,0.0001675,2400000
45.9184,35.7143,52,0.00013000000000000002,2400000
45.9184,37.7551,44,0.00010999999999999999,2400000
45.9184,39.7959,49,0.0001225,2400000
45.9184,41.8367,48,0.00012,2400000
45.9184,43.8776,55,0.0001375,2400000
45.9184,45.9184,50,0.000125,2400000
45.9184,47.9592,28,7.000000000000001e-05,2400000
45.9184,50.0,41,0.00010250000000000001,2400000
47.9592,-50.0,38,9.5e-05,2400000
47.9592,-47.9592,44,0.00010999999999999999,2400000
47.9592,-45.9184,51,0.0001275,2400000
47.9592,-43.8776,41,0.00010250000000000001,2400000
47.9592,-41.8367,36,9e-05,2400000
47.9592,-39.7959,51,0.0001275,2400000
47.9592,-37.7551,38,9.5e-05,2400000
47.9592,-35.7143,45,0.0001125,2400000
47.9592,-33.6735,47,0.00011750000000000001,2400000
47.9592,-31.6327,51,0.0001275,2400000
47.9592,-29.5918,41,0.0001025,2400000
47.9592,-27.551,56,0.00014000000000000001,2400000
47.9592,-25.5102,49,0.0001225,2400000
47.9592,-23.4694,84,0.00021,2400000
47.9592,-21.4286,62,0.000155,2400000
47.9592,-19.3878,77,0.00019250000000000002,2400000
47.9592,-17.3469,54,0.000135,2400000
47.9592,-15.3061,87,0.0002175,2400000
47.9592,-13.2653,55,0.0001375,2400000
47.9592,-11.2245,80,0.0002,2400000
47.9592,-9.18367,75,0.0001875,2400000
47.9592,-7.14286,46,0.000115,2400000
47.9592,-5.10204,83,0.0002075,2400000
47.9592,-3.06122,84,0.00021,2400000
47.9592,-1.02041,89,0.0002225,2400000
47.9592,1.02041,58,0.000145,2400000
47.9592,3.06122,78,0.000195,2400000
47.9592,5.10204,89,0.00022250000000000001,2400000
47.9592,7.14286,79,0.0001975,2400000
47.9592,9.18367,68,0.00017,2400000
47.9592,11.2245,67,0.0001675,2400000
47.9592,13.2653,86,0.000215,2400000
47.9592,15.3061,72,0.00017999999999999998,2400000
47.9592,17.3469,69,0.00017250000000000002,2400000
47.9592,19.3878,81,0.0002025,2400000
47.9592,21.4286,52,0.00013000000000000002,2400000
47.9592,23.4694,38,9.499999999999999e-05,2400000
47.9592,25.5102,82,0.000205,2400000
47.9592,27.551,79,0.0001975,2400000
47.9592,29.5918,66,0.000165,2400000
47.9592,31.6327,52,0.00013,2400000
47.9592,33.6735,46,0.000115,2400000
47.9592,35.7143,66,0.000165,2400000
47.9592,37.7551,50,0.000125,2400000
47.9592,39.7959,65,0.0001625,2400000
47.9592,41.8367,63,0.0001575,2400000
47.9592,43.8776,37,9.25e-05,2400000
47.9592,45.9184,49,0.0001225,2400000
47.9592,47.9592,29,7.25e-05,2400000
47.9592,50.0,36,9e-05,2400000
50.0,-50.0,39,9.750000000000001e-05,2400000
50.0,-47.9592,53,0.00013250000000000002,2400000
50.0,-45.9184,46,0.000115,2400000
50.0,-43.8776,46,0.000115,2400000
50.0,-41.8367,58,0.000145,2400000
50.0,-39.7959,50,0.000125,2400000
50.0,-37.7551,43,0.00010750000000000001,2400000
50.0,-35.7143,56,0.00014,2400000
50.0,-33.6735,58,0.000145,2400000
50.0,-31.6327,55,0.0001375,2400000
50.0,-29.5918,60,0.00015000000000000001,2400000
50.0,-27.551,72,0.00017999999999999998,2400000
50.0,-25.5102,41,0.00010250000000000001,2400000
50.0,-23.4694,46,0.000115,2400000
50.0,-21.4286,49,0.0001225,2400000
50.0,-19.3878,52,0.00013000000000000002,2400000
50.0,-17.3469,52,0.00013000000000000002,2400000
50.0,-15.3061,70,0.000175,2400000
50.0,-13.2653,69,0.00017250000000000002,2400000
50.0,-11.2245,78,0.00019500000000000002,2400000
50.0,-9.18367,93,0.0002325,2400000
50.0,-7.14286,69,0.0001725,2400000
50.0,-5.10204,62,0.000155,2400000
50.0,-3.06122,72,0.00018,2400000
50.0,-1.02041,71,0.0001775,2400000
50.0,1.02041,74,0.000185,2400000
50.0,3.06122,67,0.0001675,2400000
50.0,5.10204,82,0.000205,2400000
50.0,7.14286,54,0.000135,2400000
50.0,9.18367,59,0.0001475,2400000
50.0,11.2245,57,0.0001425,2400000
50.0,13.2653,78,0.000195,2400000
50.0,15.3061,66,0.000165,2400000
50.0,17.3469,54,0.000135,2400000
50.0,19.3878,73,0.0001825,2400000
50.0,21.4286,57,0.0001425,2400000
50.0,23.4694,38,9.5e-05,2400000
50.0,25.5102,52,0.00013,2400000
50.0,27.551,52,0.00013,2400000
50.0,29.5918,51,0.0001275,2400000
50.0,31.6327,46,0.000115,2400000
50.0,33.6735,51,0.0001275,2400000
50.0,35.7143,52,0.00013,2400000
50.0,37.7551,44,0.00011,2400000
50.0,39.7959,45,0.0001125,2400000
50.0,41.8367,37,9.25e-05,2400000
50.0,43.8776,51,0.0001275,2400000
50.0,45.9184,39,9.75e-05,2400000
50.0,47.9592,28,7.000000000000001e-05,2400000
50.0,50.0,42,0.000105,2400000
